First Name,Last Name,Address,Phone Number
Donald,Torres,"185 Ashley Shoals
Stricklandburgh, MH 52329-3782",(615)732-8048x598
Jesse,Bass,"32501 Compton Plains
Port Apriltown, GU 38720-7155",(230)745-5976
Lindsey,Reyes,"66265 Darin Spur Apt. 219
Larryside, IN 65238-4227",318.347.6449x98780
Jennifer,Jackson,"66944 Johnson Fields
West Scottchester, DE 22696-6909",260-835-6334
Steven,Rodriguez,"1043 Elizabeth Pike
Orrborough, CO 77137",1-795-693-4553
Richard,Padilla,"693 Young Prairie
Munozmouth, ID 21488-9237",1-402-566-9905
Zachary,Bryan,"45566 Villegas Cape
Chloemouth, WI 03723-9399",1-939-258-2061x8946
Scott,Nixon,"46947 Torres Plains Suite 227
East Kimberlyton, CO 71829-9369",892.978.8128x33789
Gregory,Logan,"845 Shaw Valley Apt. 668
South Michellemouth, RI 26640-9177",179.872.1846
Robert,Moody,"43025 Christopher Creek
Lake Yolandamouth, MI 62266-9161",+31(1)3095084190
Jose,Cox,"573 Kathleen Parks Suite 517
Lisaville, PR 72369-5961",1-423-123-2726x68304
Blake,Arellano,"398 Ashley Squares
New Morgan, NH 24169-4781",01326246981
Christine,Porter,"40700 Morales Crossroad
Sanchezville, WA 66160-4219",1-625-360-7021x956
Judy,Williams,"42053 Tracy Circles Apt. 081
Port Kimberly, MH 95740",1-440-475-1406x8289
Brian,Hoffman,"12725 Tran Isle Apt. 860
Gamblebury, GU 14903",07595459762
Luis,Lopez,"Unit 0464 Box 9653
DPO AA 15964",183-010-3675x0658
Erik,Fitzgerald,"1291 Quinn Trail Apt. 146
Port Jennifer, MH 68271-0298",1-750-745-3237
John,Knapp,"6916 Webster Mount Apt. 608
New Vanessa, NV 00652-8656",450-938-3245x580
Andrea,Blevins,"77562 Solis Glens
Lake Heather, WY 44941-8975",529-303-2982x6945
Sean,Rios,"4265 Yesenia Run
Lake Johnport, PW 12677",+47(0)8507421565
David,Jimenez,"Unit 3197 Box 3151
DPO AE 51333-4345",1-851-459-8011
Olivia,Berry,"5485 Sean Mountains Suite 583
Miguelside, IA 76171-8912",725.278.7111
Mark,Rogers,"1278 William Vista Apt. 721
Thomasstad, SC 86034-8438",03659386869
Diana,Elliott,"PSC 8409, Box 3969
APO AA 07486-6273",(612)780-1322x5058
Philip,Owens,"31077 Brian Isle
North David, PR 70471",685.478.9095
Amanda,Evans,"958 Tracy Street
South Helenfurt, GU 86409-8025",532-276-9401x548
Theresa,Santos,"8538 Mckay Parkways
Lake Michaelshire, DE 87404-2377",047.356.5572
Jennifer,Davis,"60078 Robin Meadow
Reidfurt, GU 31797",(975)630-4339
Kevin,Rowland,"238 Thomas Lake
Scottbury, CA 82958",(510)380-2320
Sharon,Parsons,"07974 Jordan Freeway Apt. 720
West Alexandria, AL 23399",860-728-1543x812
James,Cooper,"43226 Gibson Dam
North Alexis, NJ 15197",803-313-5109x690
Susan,Mcgee,"83068 Rachel Shores Apt. 666
Stephensfort, CT 44822",594.571.9977
Aaron,Escobar,"737 Hernandez Prairie
Gloriaport, PW 37916",(422)449-9452x329
Andrew,Cox,"6246 Underwood Drives
South Brandi, PR 53114-4219",120-903-9858x196
Melanie,Kelly,"6120 Dustin Island Apt. 795
New Alexanderbury, IN 99283-9707",+02(1)2752704607
Michael,Harris,"3494 Meyer Views
North Allisonmouth, WI 56152-7880",619.140.0164
Sherry,Brown,"Unit 4445 Box 9370
DPO AE 05393-6128",910-688-7861x923
Erik,Henderson,"639 Sullivan Shoals
Whiteview, KY 17404",1-564-411-8909
Alan,Anderson,"058 Johnson Brook Apt. 834
Michaelburgh, WY 02610",563.745.8318
John,Wilson,"69816 Acevedo Spurs Apt. 946
East Kathyfurt, VI 14684-6833",968.779.7062
Heather,Cox,"219 Ross Via Suite 382
Heatherfurt, NM 81320",505.325.9626x97738
Nicole,Wiley,"772 Mooney Terrace Suite 069
East Christina, FM 43221-5472",639-572-8239x8454
Wendy,Myers,"1386 Horton Circle
East Valerieton, NJ 55717-6486",1-978-554-9687
Daniel,Moore,"867 Lisa Forge
Brennanview, IL 28149-8549",186-952-2045x3624
Amy,Reeves,"35659 Miller Fork
Debbieville, NH 39703-5537",07302098309
Timothy,Cain,"85293 Jonathon Route Suite 063
New Joanna, AS 08932",(739)519-6058x9389
Todd,Barnett,"797 Alexander Course
New Timothy, WV 51313",+60(2)8515906088
David,Stafford,"08348 Davis Neck
Port Stevenstad, TN 41609-8153",+35(5)5011411280
James,Diaz,"3030 Yang Inlet
West Fredville, LA 77285-6288",358.069.7048x6541
Jeffrey,Small,"4364 Campbell Groves Suite 671
South Coryberg, MH 89712",+34(2)3102055365
Samantha,Lopez,"91667 Kim Hills Apt. 698
North Jeremy, KS 28613",(375)889-1428
Daniel,Hernandez,"35590 Evelyn Burgs Suite 851
South Davidville, AR 53849-1113",450.038.1709x789
Harry,Johnson,"57891 Daniel Village
East Cindy, HI 71052-4989",09591586295
Melissa,Graham,"443 Jensen Forge Apt. 875
West Christopher, WY 08994-2280",03253122805
Ann,Anderson,"Unit 8360 Box 2383
DPO AA 99516",300-007-2458
Amanda,Meadows,"93616 Kristen Throughway
West Nancy, MT 44204-4035",1-790-169-9900
Jeffrey,Johnston,"3934 Watson Islands Apt. 379
Lake Steven, WY 03329",083.978.0988
Casey,Harris,"763 Mathews Vista Apt. 602
Brownborough, WY 05945-4212",+28(7)2683821969
Philip,Morales,"4265 Michael Mountain Apt. 768
Shieldston, AZ 54778-4461",818-595-2451x57892
Ryan,Robertson,"12318 Tanya Parkway Suite 143
Marshallborough, MS 64113",644-324-7814
Claire,Roberts,"32271 Blackwell Neck
South Leah, KY 52442",1-263-331-8627
Raymond,Perry,"441 Green Shoals Apt. 785
East Brian, WA 83352-0275",165.154.9849
Nicholas,Brown,"Unit 4474 Box 4402
DPO AE 46460-3952",1-815-675-9890x62502
Elizabeth,Rodriguez,"1239 Russo Key Apt. 888
Port Sarahland, ME 43531-7965",1-729-179-5288
Edward,Anderson,"38071 Sharp Inlet
New Robert, PW 60319",(384)475-0626
Donna,Carroll,"882 Stanley Camp
East Jerry, UT 93257-2056",085.046.6732x6880
Brenda,Gonzalez,"USNV Harris
FPO AA 93075",207.266.3483x2313
Joyce,Walsh,"06783 Le Circles
Perezbury, MI 21260",(389)320-3826
Jennifer,Scott,"023 Jacob Crest
North Zachary, NH 32801",03227564999
Rebecca,Garcia,"504 Nicholas Cape
Batestown, MN 34730-0763",214-267-9773x933
Troy,Rogers,"0705 Paul Coves Apt. 503
Jeremychester, HI 94220",787-682-3393x30274
Scott,Jones,"09685 Matthew Corner Suite 433
Rachaelport, MA 24338-6116",(574)546-8887
Laura,Rodriguez,"68246 Murphy Inlet Suite 730
South Melissa, AR 49861",309.762.8685x521
Wanda,Stuart,"65235 Christina Alley
Thompsonshire, CT 44050",+68(1)8025701364
Lisa,Mclaughlin,"431 Andrew Mews Suite 089
South Thomaschester, DC 42025",273-464-7051x92280
Tracy,Lynch,"10369 Brittany Isle Suite 444
Singhfurt, PR 90625",(637)483-8066
Barbara,French,"USNV Thompson
FPO AE 50772-0524",160.242.4839
David,Cowan,"845 Castillo Union Apt. 014
Port Lindsaybury, TN 93262",606.993.9842x1795
Alyssa,Romero,"112 Adam Port
New Sandrastad, LA 36588",613-046-8403x49650
Christina,Mendoza,"3443 Amy Crest
Thomasstad, NY 24841-8400",898-217-2591x6972
Diana,White,"34119 Gonzalez Mount Apt. 144
Paigemouth, MP 31698-6657",995-393-3703
Stephanie,Russell,"7932 Garza Harbor
Wellshaven, ND 61944-4840",740.321.3871x30195
Lauren,Morgan,"PSC 2310, Box 4238
APO AE 38776",271.107.0616x98300
Richard,Shaw,"Unit 9206 Box 9960
DPO AA 19508",370.311.6901x439
Robert,Mack,"1570 Charles Mission Apt. 211
Erinland, VA 16240-8532",301-691-8226
Amy,Heath,"368 Kayla Divide Apt. 201
North Phillip, VI 33990-9311",+47(4)9476593239
Rodney,Jenkins,"Unit 1548 Box 4343
DPO AA 34447",591.781.5814x52505
Jackie,Haas,"060 Robin Spring
West Shelley, MT 54381-9319",01844284673
Julie,Oneal,"0992 Gomez Run Suite 431
Lawrenceport, MT 77316",1-044-575-7476x6531
Ethan,Ward,"2159 Lori Mountains Suite 986
Port Isaac, VA 90847",(500)735-6692
Robert,Schneider,"5440 Sylvia Walk
East Aprilmouth, TN 02789",288-089-2464
John,Rodriguez,"4785 Carroll Overpass Suite 130
New Nicole, WV 97178-9432",(506)682-1436
Victoria,King,"685 Jonathan Fords Suite 394
Nicholasburgh, PR 85522-2055",(367)678-5789x96259
William,Moore,"947 Alvin Knolls Suite 794
Stephenchester, RI 43178-6295",(089)820-9194x34210
Devin,Lopez,"566 Sean Common
Lake Frankborough, VA 10360-6174",341.774.5571x7977
Danielle,Bryant,"28137 Wilson Mission
Lake Mary, AZ 62605-3945",193-905-8415x94534
Traci,Smith,"807 Johnson Flats
East Carl, MP 57927-1373",093-075-1141x586
Gail,Romero,"48651 Melissa Walk
Petersonhaven, PA 40182",430.766.1902x64725
Angela,Miller,"180 Morrison Stravenue
Lisatown, TX 73388-6458",1-078-125-7517x8101
Joseph,Alexander,"Unit 5070 Box 6278
DPO AP 19317-7871",(034)265-0197
Danielle,Hester,"2294 Rodriguez Turnpike Apt. 690
North Crystalville, GA 44866-4159",679.765.2717x44374
Ryan,Rodriguez,"8263 King Wells
New Anthony, FL 11596",1-341-928-6456x02563
Nicholas,Nelson,"3068 Paul View
Herringmouth, TN 89311",1-132-624-2309x3576
Phillip,Gray,"75437 Barajas Via Apt. 093
Susanside, NH 18589",741-295-0232x1430
Angela,Irwin,"2948 Waller Mill
East Malik, GA 80510",02164241214
Jennifer,Lang,"PSC 7303, Box 9597
APO AP 22093-9469",+28(8)7045022607
Zachary,Odom,"0959 Harris Islands Suite 807
New Paulborough, LA 08252-1590",+49(3)0869217011
Courtney,Cox,"7713 Webb Harbor Suite 115
Lake Aaronfort, DC 58056-9014",781-802-2287x307
Stacey,Cox,"9818 Phillips Port
Kellymouth, OH 64095-3673",235-059-3952
Michael,Arnold,"1688 Carla Crossing Apt. 312
Montgomeryton, DE 22180-2980",519.621.4627x118
Sarah,Hammond,"26633 Leslie Pine Apt. 059
Jonesbury, FM 48471",1-451-644-8339x944
Karen,Roberts,"461 Scott Place
Evanstad, LA 16219",+67(9)0917921207
Timothy,Hendrix,"929 Claire Place Suite 789
Santiagoburgh, CO 60888",(508)510-2069
Derek,Thomas,"93012 Williams Park Apt. 477
East Robert, SD 65579",(610)285-8956x4218
Monica,Gallagher,"6320 James Mountains
Lake George, NY 85931",166-756-1514
Tina,Grimes,"6537 Thompson Stream Suite 082
North Jeffreyfurt, OR 95405",(669)687-7827
Steven,Murray,"96715 Christopher Lights Suite 189
Jesseburgh, RI 97456-6948",(211)545-9031
Amy,Compton,"83581 Sarah Isle Suite 908
Rachelside, LA 51532",1-768-469-9813
Jennifer,Fleming,"47840 Jessica Turnpike
West Janetton, AS 26413-0108",051-092-2461x82138
John,Robinson,"720 Brian Gardens Apt. 515
Adamtown, NM 36620",+62(1)3646576604
Jenna,Wilcox,"45534 Allison Hills
Lake Andrew, DC 19580-2673",+42(9)3687517859
Shirley,Serrano,"63325 Jessica Garden Apt. 281
Bradshawville, SC 14238",816.051.1742x742
Jennifer,Poole,"606 Robinson Forest Suite 192
Randalltown, OH 11532",912.896.0548x4831
Hannah,Peterson,"690 Richards Pine
Johnsonhaven, LA 08440",01514693222
Jerry,Baker,"6649 Lewis Locks
Melissachester, NY 36291",(103)700-2628
Angela,Warren,"551 Christopher Club
Port Donaldfort, AS 63514-9326",00955027090
Stephanie,Nicholson,"7733 Harris Dale
Port Michael, FL 65813-0657",408.145.4510x657
Mercedes,Serrano,"2603 Jon Mountains Apt. 806
South Lucasbury, DE 46893",051.992.7741x153
Tiffany,Gonzalez,"751 Rojas Shoals Suite 605
Port Victorshire, OR 13392",(433)546-5768
Mandy,Blair,"328 Lindsey Crest
New Bryan, PR 39760-9635",1-958-714-5689x162
Max,Miller,"142 Nathan Glens
Alexanderfurt, VI 65017-0286",(252)321-8785x41540
Andrea,Wade,"3286 Freeman Vista Suite 812
Caldwellland, NV 79729",767-527-9757
Craig,Smith,"PSC 2176, Box 4974
APO AP 09478-3394",096.598.8784x30854
Nicholas,Knight,"75831 Erica Lodge Suite 212
West Robert, DE 40649-5313",06609355292
Mary,Cruz,"644 Laura Isle
West Travisburgh, LA 60469",1-018-066-7902x544
Courtney,Horton,"20477 Fry Rest Apt. 345
South Jeffreyhaven, AR 32864",624-180-4970
Tonya,Harmon,"64896 Andrew Dam
Coxfurt, KS 73373",434.163.8916
Amy,Young,"9575 Schneider Plains Suite 219
Richview, AK 33612",1-470-971-2796
Linda,Rogers,"06335 Jackson Estate
Brownland, WA 12914-7133",(797)962-0438x673
Sandra,Davis,"681 Houston Curve Suite 285
Reginaldland, ID 09457",803.372.9012x25739
Kathleen,Reese,"678 White Hills Suite 539
Bestmouth, MA 64394",850.953.8921x24458
Kathleen,Smith,"810 Johns Point Apt. 782
Lake Katrinaville, CT 74332-9070",1-190-549-9731x044
Cathy,Patel,"4583 Christopher Center
Portertown, NE 74954-1047",927-203-2497x209
Justin,Suarez,"87601 Melody Views Suite 300
Lake Mark, OK 46253-7240",1-827-334-2756x1068
Belinda,Duncan,"26486 Bobby Ville
Adrianberg, PW 17480",1-754-178-7274
Rachel,Berry,"26052 Young Causeway Suite 807
Danfurt, PR 73768",06385444216
Roberto,Davis,"0811 Timothy Brooks Suite 188
New Amy, GA 75620",(075)153-8824
Kristen,Lopez,"PSC 1101, Box 9808
APO AP 96277-9109",1-422-004-6044x13156
Micheal,Vaughn,"772 Megan Stream Apt. 867
Melvinburgh, SD 66285-2809",026-550-3396x26828
Kenneth,Robles,"5823 Matthew Mission Suite 550
Port Sara, AL 73876",(961)421-3506
Patrick,Orr,"3344 Vanessa Common
Antoniohaven, TX 12939-8733",178-892-2948x87808
Tyler,Ho,"692 Henry Shores Apt. 970
Rodriguezstad, AS 63796-4374",580-915-6305
Mark,Franklin,"618 Regina Centers Apt. 945
Elizabethhaven, LA 02120-9423",04758126228
Jeffery,Rodriguez,"439 Reynolds Knoll Apt. 491
South Edgar, TX 60664",+54(2)8171052251
Steven,Stuart,"487 Solis Ports
Lake Daniel, WA 78320",039-787-9382
Paul,Arnold,"12012 Ramirez Shores
Christophermouth, CT 48699-2687",185-451-7098
Michael,Kennedy,"1192 Brewer Centers Suite 113
West Debrachester, SD 77950-3816",08588983698
Kimberly,Riley,"4818 Bryce Squares
Angelahaven, IN 37433-3383",542.490.6703x29037
Karen,Erickson,"05307 William Path Apt. 637
East Nathanland, RI 14685",03714123622
Aaron,Clarke,"942 Hernandez Place Apt. 022
West Stevenville, MO 19609-5195",(343)862-6716
Thomas,Rodriguez,"7584 Lisa Centers Suite 220
Billyfort, PW 26571-4093",1-251-803-2408x65630
Ryan,Stewart,"5626 Roger Islands
Powelltown, LA 17284-3664",494.065.5308x8795
Ashley,Vargas,"8245 Joseph Plains Suite 654
Ericside, MD 71078-3401",926.927.4649
Robert,Wheeler,"04397 Smith Haven Apt. 952
Port Davidchester, NJ 10477-9870",(401)028-9263
Briana,Orr,"59760 Peterson Trace Suite 293
West Craigshire, AR 83412",07228775839
Tabitha,Murphy,"7986 Martin Forge
Williamsontown, VI 76452",726-864-8277
Kimberly,Murphy,"685 Elizabeth Parkway
Michaelburgh, IL 42138-0330",682-108-4271x09012
Sarah,Peterson,"13202 Jason Forge Apt. 188
New Dawntown, VI 97241",757.362.2506
Kyle,Bishop,"8343 Turner Port Suite 296
Lamburgh, SD 11120-1407",536.744.5429
Scott,West,"957 Kyle Creek Suite 111
Smithview, DC 89960-8591",(061)533-3129x91056
Jessica,Bautista,"01955 Christopher Landing Apt. 929
North Adam, MH 05779-9775",691-752-7118
Jesse,Carlson,"301 Sharon Shores
New Williamville, CO 53349",03722120174
Christina,Hall,"210 Rachel Ville
Lake Gina, IN 53111",1-477-885-0974x8695
Jennifer,Allen,"USS Brown
FPO AE 66837",670.731.9970
Alejandra,Black,"90232 Miller Skyway Apt. 482
Josephchester, FM 62301-4681",06101050957
William,Howard,"9387 Clark Route Suite 220
West Ashleyton, DE 03404",(872)388-6041x1395
Laura,Walker,"9643 Floyd Green Suite 991
Lake Dennisborough, VA 40175-4980",850.522.8037
Dale,Garrett,"6506 Hailey Burg
Sharontown, NM 77383-6365",890-226-4796x75169
Evan,Wood,"31498 Norman Corner
Lake Michelletown, FL 25602-1940",289.957.4826
Brenda,Day,"39239 Hall Knolls
Hilltown, HI 17215-6482",165.891.1760x2132
Timothy,Terry,"1747 Peter Forest
South Williamburgh, IL 47187",918.215.3352x9336
Nicole,Coleman,"1677 Allen Track Apt. 606
South Regina, SD 47628",572.990.2745
Justin,Barrera,"915 Martin Throughway
New Kathleen, MP 47428-7410",04291059101
Gabrielle,Morgan,"Unit 0784 Box 3514
DPO AE 68373",1-530-958-0125x564
Jeffrey,Sullivan,"USNS Christensen
FPO AE 05443",211.099.5273x1431
Angela,Morgan,"494 Bryce Course Suite 427
North Brianbury, NJ 10426",1-882-968-7394x1953
Roy,Lane,"7311 Mcclure Expressway Apt. 271
Harrisberg, MH 29273",1-736-912-3125x848
Mark,Keith,"556 Bruce Corner
Kristishire, IL 83262",171.098.0101
Kayla,Cummings,"2863 Manning Brook
North Stephanieview, OH 31006",936.964.2479
Jane,Davis,"94188 Victoria Canyon
North Natalie, NY 53646-8410",(290)732-9437
Lisa,Garcia,"4955 Michelle Fork Suite 126
Crawfordstad, OK 25447-5645",300-225-7443
Stephanie,Benjamin,"3208 Gamble Burg Apt. 473
Murphybury, LA 13776-8261",(970)401-5361x951
Brandon,Jordan,"596 Kimberly Turnpike
Perezburgh, AK 32510",+89(2)5948435906
Blake,Edwards,"48976 Parker Stravenue Suite 175
Hurleyville, WI 94195",299-521-3554x853
Deborah,Brooks,"784 Sharp Squares Suite 860
New Kimberlyfort, MT 61073",+83(9)4638148979
Juan,Marshall,"2940 King Loop Apt. 740
West Laura, RI 54448-7479",00548944376
Matthew,Atkinson,"815 Vazquez Park
East Sallymouth, CO 86234-7897",+24(7)3987019325
Samantha,Brown,"63313 Garcia Views Apt. 250
Port Heatherville, NE 00739-6233",03491704338
Mary,Rodgers,"165 Laura Lakes Apt. 487
Adammouth, LA 53667-7992",335-410-1834x70937
Michelle,Moore,"518 Smith Wall
South Kimberly, RI 60031-6553",1-579-634-7245x663
Shelly,Lindsey,"Unit 6544 Box 7640
DPO AP 61241",1-138-422-9013
Michelle,Evans,"360 Riddle Field
Hartmanmouth, DC 88562",400-187-3925
Christopher,Wells,"3290 Theresa Inlet
Annettebury, CA 53820",089-886-9201x39255
Lisa,Miller,"5552 Sanchez Port Suite 603
South Elainehaven, WA 48834-6890",1-404-646-3912x050
Michael,Diaz,"563 Hendricks Village
Emilyside, SD 15102",337.972.2215x109
Ashley,Cole,"68877 Shane Isle
East Rebecca, WA 21465",(541)858-8703x93064
William,Love,"73621 Tiffany Shore
Heatherport, MS 53518",(816)001-5626x535
Jill,Jones,"26346 Michelle Junction
Port Michael, CA 61354-2720",(528)743-9489
Douglas,Mcdonald,"Unit 1533 Box 4686
DPO AA 02810-2895",(705)781-8528x366
Christopher,Rodriguez,"267 Tina Causeway
West Deborahbury, WI 22424",930.980.5853x93619
Eric,Ramirez,"7956 Daniel Landing Apt. 486
East Sarah, LA 95251-1368",01473145501
Ashley,James,"0380 Clark Plains
North Catherinechester, AR 68713",553-870-5237
Derek,Barr,"1041 Mary Land Suite 379
South Jessicastad, GU 75242",06177477342
Arthur,Murray,"521 Barnes Ridges Apt. 792
North Margaret, MI 88802",+29(3)2341102780
Carlos,Knapp,"63419 Gary Vista Suite 171
Port Michaelton, IN 92259",1-674-577-1342x1854
Jackie,Alvarez,"3468 Williams Lock Apt. 154
West Christopher, NH 96847-4865",+25(7)6618142505
Kayla,Rogers,"672 William Rapid
Lake Amandamouth, AL 49900-1565",1-104-407-2356x050
Patrick,Young,"91063 Sean Forest Suite 496
Lake Brianahaven, FM 43593",1-568-862-2624
Joseph,Meyer,"23671 Sabrina Prairie
Bruceland, GU 70617",01795015851
Lisa,Zimmerman,"158 Brown Estate Apt. 624
Port John, NY 00141-5034",1-139-777-5882x4589
David,Stevens,"75843 Ibarra Square
New Lindafort, NC 42236-1171",(965)712-9521x3061
Michael,Martin,"6831 Amanda Inlet Suite 908
Ashleyburgh, CA 45909-7485",+01(0)2798099671
Sheila,Smith,"37165 Christian Turnpike Suite 993
Port Earlmouth, DC 76067-3416",167-760-4130
Linda,Porter,"USNS Chapman
FPO AE 44378-6531",+16(4)8307803289
Jeff,Young,"1394 Larry Bridge
Jonesmouth, TX 09258",05460416388
William,Lee,"151 Warren Vista Apt. 089
Lake Lauraburgh, CT 58014",244-468-4730
Catherine,King,"40361 Mullins Road Suite 541
Port Lisa, MA 13743-9471",533-107-7301
Beth,Ford,"Unit 6423 Box 3357
DPO AP 73391",+47(6)1785505524
Christopher,Lee,"132 Carolyn Stravenue Suite 819
North Alexanderfurt, AS 06145",769-230-1365x1522
Christopher,Munoz,"USS Anderson
FPO AE 92024",09163167882
John,King,"47143 Dunn Mission Suite 998
West William, LA 54258-4482",1-671-707-1490
Carolyn,Ross,"21175 Hughes Cliff
Melissaside, KS 75931",1-165-859-0484
Karen,Williams,"6735 Aguilar Mountain
West Stevenport, MH 98003",221.425.9102
Thomas,Anderson,"6153 Gary Shores Apt. 594
South Kennethfort, AL 33775",07949066942
Jason,Wilkins,"7944 Sandra Viaduct
New Michael, WI 76494",012.828.3144x10016
Sandra,Caldwell,"9814 Lopez Branch Apt. 613
Sarahport, WV 97130-3572",251.428.5195x756
Shawn,Roman,"1632 Shields Park Suite 166
New Jessicabury, KS 57051",563.488.8608x62967
Michael,Horne,"2735 Tiffany Fort
Port Jennifer, NM 87922",041.434.4503
Amy,Anderson,"900 Cassandra Ports Apt. 279
Hillbury, OR 85472-5751",(160)241-6808x125
Andrew,Flowers,"199 Hailey Ridges Suite 135
South Miguel, FM 16307",757.294.8326
Juan,Salinas,"421 Patty Forges
Lake Danielchester, FL 74934",872-578-0232x1683
Harry,Clark,"80081 Elijah Vista Suite 781
Howellport, IN 98904",(900)108-9644
Jason,Miller,"94915 Berry Trail
Patrickville, IL 60930",1-955-897-2636x33513
Benjamin,Fisher,"253 Ashley Run Apt. 235
Danielburgh, KY 56475",572.412.4459x559
Sharon,Robertson,"86452 Wells Tunnel Apt. 662
New Diamondland, GA 43168-1895",+70(7)8269103560
Justin,Parker,"10732 Cooke Inlet
Vincentbury, PA 42224-1457",(587)089-2261x59592
Paul,Park,"87175 James Courts Suite 083
Whiteview, ND 38975-0349",084.349.2108
Shannon,Hill,"91246 Taylor Shoals Suite 798
Davismouth, AR 17196",1-458-915-0174x40717
Lisa,Snyder,"22348 Heather Expressway
Diazton, CA 45241",1-836-879-8441
Daniel,Merritt,"2222 James Rapid Apt. 809
West Davidstad, LA 86368",099-346-1288
Michael,Wallace,"12057 Mikayla Highway
Davidton, MT 15307",608-568-1441
Anthony,Hinton,"327 Gregory Forest
North Aaronmouth, DE 68632",+49(5)3357067029
Martin,Reed,"573 Brandon Cliffs
Jordanstad, TX 87641",04256713035
Eric,Beasley,"139 Michael Freeway
North Rogerton, DE 13065",+64(3)5589789229
Gregory,Anderson,"505 Harris Estates Apt. 835
New Gloriaside, AZ 65960",116.968.5402
Nicole,Silva,"1089 King Rue
Lake Sarah, CA 02815-2190",(100)889-6347
Aaron,Hutchinson,"51050 Scott Hollow Apt. 677
West Jeanne, VI 78270",592.218.3628
Allison,Reese,"56921 Fowler Views Apt. 428
West Hannah, KS 16819-8447",905-774-8710x5743
Victoria,Bell,"955 Bianca Hill
Joyceville, IA 47130-5374",1-725-910-4339
Richard,Lewis,"56978 Velasquez Hills
Michelleland, ND 97028",599.904.9417x8417
Joseph,Wheeler,"46942 Anne Fork Apt. 644
West Melissa, NJ 10594-1559",(908)772-6344x58368
Christopher,Daniel,"234 Ingram Via
Laurenview, KS 84718-7116",(109)376-0703
John,Walker,"09059 Krista Expressway Suite 790
Bryantfurt, WI 99336",045-708-2837
Megan,Lloyd,"Unit 0978 Box 5814
DPO AA 84784",+60(4)9170517967
Scott,Brown,"48489 Monica Fall Suite 238
West David, NC 58126-1000",976.533.9093x631
Jonathan,Fitzpatrick,"Unit 5763 Box 6654
DPO AA 55244-6586",275-247-7939
Anne,Rodriguez,"2463 Hardy Trafficway Apt. 819
Pamelafurt, NY 70720",(770)689-2653x7966
Jeff,Clayton,"6426 Thomas Center Apt. 129
Lake Jamieville, NJ 72912-8545",309-592-5095
Kathleen,Knapp,"541 Jennifer Estates Suite 168
Tiffanyfort, GU 02300-9396",847-628-3561
John,White,"232 Brent Bridge
New Caleb, RI 71997-7689",571.765.7583
Tina,Higgins,"740 Love Brooks Apt. 120
Davisside, WA 01239",(040)843-7529x432
Aaron,Christian,"747 Nguyen Views Suite 087
North Patrickberg, VT 42158",745.062.5229
Roger,Ali,"Unit 9894 Box 9872
DPO AP 15225-7610",1-789-668-5223x9373
Molly,Silva,"944 Abigail Overpass
Kellertown, PR 27884",858-469-4922x58051
Raymond,Mcclure,"846 Karen Court Apt. 408
Port Molly, MD 33188-4945",024-139-8285x8014
Meagan,Scott,"523 Pope Run Suite 315
Martinezberg, UT 10644-0779",1-613-850-4752
Katherine,Nguyen,"13535 Donna Prairie Suite 617
Gallowayfort, DC 89807-7744",394.835.7542x428
Brian,Valencia,"577 Melanie Stream Apt. 971
Angelamouth, KY 86713",914-361-8808x7621
Charlene,Arellano,"168 Johnson Glens Apt. 282
Port Matthewhaven, NE 36587",498.777.4981
Stephanie,Taylor,"9116 Brian Ports
Robertoshire, MH 75909",596.906.5919x6840
Michele,Peterson,"877 Robinson Park
Rollinsstad, AS 97801-7691",1-696-320-9122x378
Kimberly,Elliott,"9306 Mendez Shoal Apt. 792
Lake Tammy, PR 54219-7969",072.703.3640
Kevin,Hurley,"6064 Chloe Haven
East Henry, PA 42730",663.149.1057x697
Jacqueline,Riley,"PSC 7622, Box 8923
APO AP 70769-3131",1-195-854-6537
Robert,Gardner,"517 Chambers Valley Apt. 469
North Johnstad, SC 82801-6864",1-906-904-0914
Eugene,Webster,"119 Sean Corners
West Jamieberg, CO 63101",988.981.4276x10677
Stephanie,Lopez,"0972 Kristen Ports
Williamport, GU 52350",05016968710
Ashley,Diaz,"65993 Davis Path Suite 391
East Kathy, GU 45724-9733",1-336-273-9222x69612
Charles,Wood,"882 Riley Skyway
Codychester, WA 47529-8716",806-313-1810x3732
Christopher,Cruz,"5179 Austin Locks Suite 930
Morganton, OH 92455-3313",(622)883-9811x1612
Tony,Ramirez,"67873 Rebecca Mews
East Jennifer, WY 89526-1079",646.684.6215x4704
Kristin,Lambert,"04021 English Harbors Suite 521
Brewerville, ID 12320-0098",737.269.9905x585
Michael,Moreno,"PSC 9796, Box 3403
APO AA 45758",(406)059-7670x964
Dennis,Lewis,"846 Fitzpatrick Falls Apt. 567
West Briannamouth, NM 61763-1384",(590)649-7444x67039
Melanie,Mitchell,"31616 Rogers Fork
West Johnmouth, MD 86010",01686654672
Lynn,Mejia,"PSC 3835, Box 7000
APO AA 95734",08759061812
David,Hawkins,"74677 Eaton Flats Suite 254
Morrisberg, AS 89706",(520)570-4592x350
Richard,Liu,"7140 Smith Field
West Danielle, PR 17767-1991",1-043-373-9100
Lisa,Villanueva,"Unit 4695 Box 9448
DPO AA 31752-5784",1-760-013-6699x6747
Dawn,Coleman,"2572 Carter Cliffs
Lake Kelly, ID 85564-1240",00297136048
Michelle,Owens,"72000 Sarah Port
North Ana, FM 34468-4349",067-786-3693
Elizabeth,Stark,"33973 Fernandez Vista Suite 246
Port Justinville, AK 17337",1-950-285-4569x2355
Travis,Bailey,"359 Autumn Forge Suite 980
New Hannahport, FL 85454",(990)792-4915x38714
Brian,Solomon,"7366 Caitlin Knoll
Michealland, NV 70543-1989",511-601-3294x1879
Michelle,Estrada,"0304 Charles Point
South Michael, VI 23572",1-440-880-4215x49499
Benjamin,Martinez,"943 Kelli Plaza
North Susan, TX 20021-8313",577-634-5117
Justin,Wilson,"3064 Ritter Throughway
Lake Jacksonfurt, FM 67254",1-616-049-3617x68002
Patricia,Moon,"901 John Haven
Christinefurt, HI 27007",1-095-974-5767
Hunter,Waters,"844 Lisa Harbors
Webbmouth, TN 30661-3190",278-403-3810x052
Cody,Bowman,"813 Romero Corner Apt. 465
Lake Larrychester, ND 49777",1-946-318-0333x25566
Michael,Johnson,"2136 Morgan Green Suite 889
Nicholaston, VT 86542",740-686-5971x412
Ashley,Gonzalez,"43382 Martin Ville Suite 013
Sheilahaven, FM 89452-8902",840-779-2569x0471
Parker,Norman,"412 Mary Ford Suite 078
Port Sean, MS 79068",526.985.0241
Christine,Shepherd,"678 Deborah Trail
Dillonbury, LA 38540-1870",03395156264
Heather,Mullins,"19200 Kayla Forges
East Madisonmouth, SD 13257-7550",1-048-158-3718x32875
Joseph,Williams,"9626 Larry Ramp Apt. 778
Barkerstad, SD 02380-8245",062.787.3550
Christopher,Miller,"254 Pena Wall
Reeseburgh, ME 10849",683-702-8701x831
Erica,Owens,"4267 Nancy Grove
Marissahaven, PW 37985-3095",+82(2)3208473119
Samantha,Wilson,"05454 Lewis Shores Apt. 631
West Zachary, ID 72257-2428",858-389-1828x32839
Michael,Ellis,"7692 Kevin Lane
Roweport, MI 99426",333-498-9816x2864
Tonya,Lee,"493 Nelson Tunnel Suite 878
Tinaport, IL 14972",552-336-5991x902
Shelby,Silva,"895 Jeffrey Lodge
Clarktown, CT 36334-6574",202-686-2956x2206
Wendy,Bullock,"98290 Leblanc Rapid Apt. 718
Christinaborough, IA 57911-1803",(996)361-4032
Bradley,Ortiz,"124 Flores Road Apt. 378
New Crystal, GA 43602-7263",(075)970-2188x732
Erin,Gutierrez,"968 Dana Villages Suite 158
North Emilyburgh, CA 90625-7985",929-642-3365
William,Harrell,"053 Samantha Creek Apt. 344
Hallside, KS 34474",331.494.6656x1554
Brianna,Zhang,"290 Brandy Canyon Suite 452
Roseview, VI 98690",01827633932
Heather,Duncan,"1108 Nguyen Junctions Suite 228
Lake Ashleyhaven, CO 20487-4876",(925)264-4974
Erin,Esparza,"66435 Wall Highway Suite 758
Shannonchester, ID 58906",774-064-4656x456
Brittany,Hill,"45478 Little Lane Apt. 605
Wilsonchester, AR 28090",1-682-047-1840
Kent,Parker,"934 Johnston Expressway
Lawsonstad, NY 47142-1926",(558)153-2152x693
David,Vega,"38918 Amanda Ports Suite 122
Michaelland, RI 26091",(310)855-0253x0048
Kristin,Jacobson,"05168 Bradford Hills
East Jenniferport, OK 31211",(053)772-8235
Jennifer,Murphy,"42535 Bryan Brook Apt. 315
Joneston, AR 64320",846.000.2934
Todd,Howell,"848 Nelson View
Prestonport, MA 11658",138-861-2613x6552
Lisa,Stewart,"76893 Stephens Crest Apt. 494
Masonfort, NM 89506",1-575-968-3986
Lisa,Wade,"895 Tina Hill
Bakerhaven, UT 96118-6852",(697)845-3997x4800
Christina,Anderson,"065 Howard Fields Suite 866
Meganland, SD 26984-8513",1-225-548-9954x1261
Aaron,Baldwin,"8026 Guzman Union Suite 867
East Marktown, UT 37626-1369",272.768.7000x8669
William,Maddox,"213 Stephanie Courts Apt. 983
Savannahton, SD 50182",09119435507
Christopher,West,"79153 Ramirez Ports Suite 037
West Jefffurt, NE 75943",07595974389
Bianca,Davis,"71293 Hughes Flats Suite 812
Bauerstad, VI 21292-7706",+01(1)4348143359
Tracy,Martin,"610 Jones Road Suite 328
New Tara, AS 18732-2434",485.702.6832x6739
Amy,Singh,"USNV Walsh
FPO AE 42648-6618",216.816.0690
Robert,Dominguez,"4735 Lewis Springs Apt. 854
Lake Jessicaborough, OH 18810",+50(7)5688687009
Leonard,Rios,"9873 Heather Passage
Lesterfort, GA 08595-6945",1-129-707-1514
Steven,Taylor,"475 Joshua Club
North Aprilport, FM 17067-4784",(766)440-1782x5961
Kristine,Bonilla,"5258 Morales Summit
New Natasha, MT 27449-2438",08847370522
Roy,Chandler,"945 Smith Divide
New Jackieton, GA 40823-8195",964-200-4822x417
Matthew,Richards,"08204 Norma Center Apt. 390
Wattsborough, OH 87040",074.414.6441x9667
Kristi,Williams,"USS Robinson
FPO AE 11083",1-858-904-3211
Leslie,James,"89242 Campbell Ports
South Williamborough, OR 74739",(434)630-0974
Danielle,Brown,"76239 Smith Greens Suite 516
Cooperton, MP 19816",(407)414-0392x322
Susan,Miller,"59980 Patricia Drive
Rodgersland, GU 36374",717.468.7114
Joanne,Cruz,"551 Hobbs Road
West Eric, AL 70788-4841",1-957-050-7890
Christina,Murphy,"71272 Sutton View
North Ashleyport, IA 94032-2768",523-057-7084
Christopher,Jones,"USS Robinson
FPO AP 50739",+26(1)1072256852
Diamond,Hayes,"371 Michelle Isle
Salazarmouth, AL 06480",962.736.1797
Maria,Smith,"869 Cruz Radial Suite 061
Vanessaside, MS 10763",1-499-459-3919x87690
Brandon,Lewis,"9063 Sheila Glens Apt. 005
Lake Scottport, UT 38559",837-036-7354x4717
Gina,Cooley,"56472 Short Brooks
South Troy, MO 27596-3319",03028111712
Devin,Weeks,"076 Amy River
Julieton, MT 60090",(049)375-6864
Jennifer,Chavez,"85613 Herrera Camp
Hernandezborough, MI 39562",957-434-8357
Amy,Doyle,"89396 Mendez Common
East James, SC 89962-9160",1-993-862-3019
Joe,Lynn,"6316 Luis Rapid
Richardsmouth, KY 34590-8954",09273312888
David,Fowler,"468 Peterson Prairie Apt. 521
Jacobton, MS 92122",105-006-0575x091
Peter,Mayer,"87443 Rojas Mountain Apt. 639
New Robin, NJ 20977-4123",1-750-301-1980
Richard,Fisher,"5973 Phillips Trafficway
Port Jennifer, NV 79173-8937",+36(5)0564313083
Jorge,Sanchez,"5987 Holland Cape
West Suzanneshire, CA 87244",393-601-9412
Linda,House,"Unit 1194 Box 7924
DPO AE 96451-8309",800.152.7891
Chad,Ruiz,"602 Jason Trail
Jamesshire, AS 16136-2982",1-439-196-2607x852
Carlos,Buchanan,"0816 Misty Ridges Apt. 196
Angelaside, MI 57008-0446",222-370-9692x26336
Kathryn,Savage,"661 Deborah Expressway Apt. 052
West Kellybury, UT 31544",(995)849-0239x10125
Megan,Brooks,"USNS Parker
FPO AA 89404",405-879-6418x9567
Joseph,Logan,"27115 Long Meadow
West Katie, MO 55370",+95(6)9288322037
Martha,Braun,"3483 Walker Ramp Suite 126
East Vernon, MO 21778",585.393.2100x7173
Julie,Baker,"049 Faulkner Cove Apt. 298
East Nicole, GU 15562-5351",864.483.0974
Joseph,Rhodes,"02693 Thomas Valley
Louisview, ME 27166",559-734-6121
Jeremy,Bailey,"3122 Meyer Meadows
East Hannah, MN 02420",(744)191-1364x3757
Christopher,Fisher,"183 David Lane
West Ryanton, WI 75807",439-270-0024
Joseph,Medina,"98475 Perez Freeway Apt. 282
Cynthiaberg, RI 29911-6680",1-032-593-0703x44538
Mark,Gonzalez,"622 Larson Walk
West Keith, NC 65827-1983",479-485-0607x28108
Matthew,Rowland,"6365 Angela Shore Apt. 881
South Bradleyside, KS 68154",1-428-278-7631x42666
Lacey,Newman,"08810 Rose Prairie Suite 052
Stanleyton, DE 14423-0154",+28(2)6110672302
Emily,Murray,"6655 Hensley Port
Tamifort, PA 19693",1-644-041-8992x9583
Lance,Smith,"4380 Jennings Knolls
Tinaton, TN 92802",693-211-5859
Mark,Peterson,"6489 Thompson Dam
West Matthewside, PR 75497",04614315780
Laura,Schmitt,"PSC 0787, Box 3007
APO AP 49150-1706",(520)847-4638x9138
Mandy,Blevins,"8131 Davis Drive Apt. 486
Brentburgh, MS 07563",724-550-2353x3877
Tony,Andrews,"955 Thomas Stream
West Amandafort, RI 37683",1-640-280-8512
Rachel,Sanchez,"836 Hale Meadows
Clarkport, FL 40070-0963",940-950-5524
Ann,Gutierrez,"62996 John Ville
Davisborough, FM 93218",(974)129-2057
Jeffrey,Nelson,"0430 Adam Squares
West Antonio, MI 88032-1391",107-717-8224x44981
Daniel,Williams,"USNV Thompson
FPO AE 34315-0776",237.833.6252x229
William,Kaiser,"7043 Poole Bypass Suite 595
Johnfurt, GA 26302",190.222.0738x23297
David,Taylor,"292 Shawn Point Suite 090
West Vanessa, OH 12680",+29(2)5035778754
Barbara,Simmons,"3970 Darlene Drive Apt. 363
Bennettberg, MN 96906",1-871-580-0623
Jonathan,Griffin,"4843 Abigail Brook Apt. 373
Davidfurt, IA 36986",285.772.5847x6058
Ian,Taylor,"51345 Denise Squares Suite 390
Copelandton, ME 18637",540-786-1672
Dustin,Hanson,"931 Allen Viaduct Apt. 607
Brooksbury, AR 14699-5763",(893)237-6594x43764
Zachary,Ayala,"PSC 8941, Box 5259
APO AE 46931-9041",403.136.3778
Matthew,Conley,"91199 Stevens Grove
Lake James, SC 10267",(996)909-1496
Thomas,Montes,"7796 Lane Union
Lake Amandatown, RI 26938",(493)455-3450x6719
Cynthia,Ayala,"92240 Johnson Streets Apt. 509
Fryeton, MN 03043-7874",+52(2)1903000804
Alicia,Whitney,"82285 Ross Trafficway
Brookeville, KY 98434-5975",03705530433
Melissa,Byrd,"36862 Davis Turnpike Apt. 487
Port Davidchester, AS 88322-7385",657-606-2148x011
Seth,Taylor,"620 Gary Estates
Stricklandton, NV 18770-3053",+81(5)9384748297
Sarah,Mcmahon,"USNS Johnson
FPO AE 04601-5625",(113)563-4218
Rachel,Scott,"8157 Rice Street
Priceton, PA 20472-1404",09307308553
Julie,Williams,"894 Kenneth Turnpike
East Ashley, WA 19379-2794",1-099-871-0691x283
James,Cordova,"58842 Cochran Rue Suite 673
Youngstad, MP 71575-4119",1-077-850-6863x4119
Christina,Romero,"86235 Morgan Hill
South Yolandamouth, OK 09252",+21(0)0504136236
Brian,Stone,"118 James Crest Suite 899
South Jessica, TX 61961-0043",631-889-3011x928
David,Davis,"2830 Pope Camp Apt. 973
Port Angelaton, MI 86494",548-153-0127x791
James,Estes,"498 Davis Plaza Apt. 734
Kathleenborough, AZ 85033",(637)683-1205x29747
Aaron,Howard,"895 Wu Shoals
Port Tammybury, DC 77963",546-331-2934
Craig,Obrien,"336 Ross Mountain
Ericside, FL 50244",526.289.1875
John,Barrett,"030 Smith Knolls
Carlaport, CO 29966",(054)891-1611x5603
Melanie,Turner,"6882 Garrett Branch
Evanston, LA 47959-4786",190.934.8091x36424
Jeffrey,Hoffman,"PSC 5321, Box 2253
APO AA 85005-8930",528-755-8397x496
George,Short,"PSC 9684, Box 1455
APO AP 66635-6725",02887619517
Alicia,Rojas,"0930 Roy Springs
North Joseport, NC 80444",466-294-4131x747
Michael,Richardson,"257 Owens Locks Apt. 473
East Edward, MH 16835-9147",726-632-1335x2580
Jamie,Richardson,"559 Gonzalez Inlet
Jacobmouth, CO 28674-2240",03423834118
William,Vasquez,"461 William Terrace Suite 440
New Megan, FM 78521-8155",+43(0)8888075997
Maria,Reyes,"86801 Sarah Ways Suite 778
Joshuashire, MI 06754-9182",773-302-2267
Benjamin,Hopkins,"237 Andrew Shoal Suite 173
Turnerborough, CA 77418",204.416.9028x315
Brandy,Thompson,"128 Matthew Streets
Castanedaport, CO 13675-8233",+27(6)6739708208
Madeline,Hansen,"600 Sara Rest
Reyeschester, WV 55356-3077",1-522-985-2063x044
Dana,Jones,"339 Henry Ville Apt. 625
Lake Jesus, DE 29431-7122",1-633-113-6828x0834
Stacy,Hicks,"1399 Bradley Mountains Suite 952
West Kristinaport, CT 31896-4552",(029)085-2103
Felicia,Livingston,"785 Garcia Grove
West Randymouth, HI 74976",1-493-607-2067x44175
Alan,Reyes,"248 Teresa Prairie Apt. 797
West Robert, VA 85695",+09(4)4889656536
David,Benson,"82152 Frank Village Apt. 373
East Aaronside, NH 02053-7267",+47(0)9911702574
Sarah,Yang,"69766 Peter Spur
South Joe, NC 46929-1220",(071)352-3076
Ryan,Mack,"05599 Jon Valleys
New Brian, AZ 57777-7673",940-442-7438
Angela,Dunn,"483 Jenkins Lock Apt. 557
Kathleenland, IL 27449",648-978-4258x5002
Edward,Wolfe,"6547 Courtney Course Apt. 919
Kurtmouth, GA 86504-3889",02520517283
Mark,Moore,"3879 White Vista
Lake Christopher, PR 15983-2767",620.274.8785x10696
Kimberly,Wong,"0739 Combs Spurs
Brittneyborough, MT 97921",1-435-453-8526x54269
Sarah,King,"60088 Lawrence Meadow
North Jack, ND 50621-1205",+47(3)8915101594
Daniel,Baker,"9928 Stephanie Drive
West Andrew, PA 23881-7265",07913631332
Derek,Sullivan,"3090 Sarah Grove Suite 261
New Debbieburgh, VT 11317",(176)353-0807
Jeffrey,Caldwell,"35533 Holmes Village
Campbellland, OR 02793-6265",(641)753-3832x321
Cassandra,Smith,"3876 Lopez Villages Suite 272
East John, SD 58564",960.023.2297x4944
Nicholas,Reeves,"197 Julie Skyway
Parksmouth, PA 57118-2952",1-250-594-0354x10768
Ricardo,Garcia,"7891 Schneider Divide Apt. 488
Erikborough, OH 57453-3663",293-733-5847
Warren,Patel,"8194 Payne Overpass
Mcmahonland, NY 02180-0183",646-128-7301x277
Bruce,Ballard,"USNV Henry
FPO AE 84090",+25(1)5507317552
Ashley,Murray,"906 Daniel Mountain
East Jessica, OK 54272",1-930-443-4771
Leonard,Thomas,"60753 Nichole Inlet Suite 135
Forbeshaven, MD 85893",1-323-306-1260x209
Tommy,Moore,"423 Carter Run
South Stephanie, IA 43080-9019",902-977-8770x1734
Blake,Martinez,"Unit 9528 Box 0192
DPO AA 25099-5707",(772)551-9333
Tammy,Robinson,"859 Chapman Roads Suite 935
Kellymouth, TX 11738-3633",1-105-906-3351x82952
Christopher,Houston,"76499 Blevins Mills Apt. 326
Amandaview, FL 19888",084.766.0249
Lisa,Mann,"9607 John Shoal Suite 728
Johnshire, MS 12229",(028)005-8706x407
Mercedes,Phillips,"Unit 0590 Box 9302
DPO AE 54503",1-747-503-6584
Elizabeth,Moran,"224 Timothy Cliffs Suite 556
Lake Elizabethstad, MN 48179",1-490-284-2044
Jasmine,Scott,"49130 Gross Trace
Port Matthew, KY 20509",+09(3)7181872023
Richard,Graham,"03185 Jeffrey Gateway
Conwayview, OR 49121",879.616.0821x3934
Dustin,Gordon,"50718 Stephanie Dale Suite 934
Cortezstad, SD 17632",603.201.2685
Peggy,Harris,"774 Tasha Stravenue
New John, MD 86281-9091",(007)830-2156x365
Michael,Johnston,"13041 Janet Gardens Apt. 837
Whitakerville, WA 63914-3191",(918)500-5524
Jason,Hardy,"4157 Peterson Camp Suite 284
Lake Sandraville, ID 96838",1-224-149-3289
Ryan,Roberts,"1820 Harmon Spurs
Michaelton, IL 69784-8381",(214)590-3560
Dominique,Atkins,"64781 Payne Summit Apt. 250
West Derek, NY 79840-4493",(804)244-1554x5643
Stacey,Anderson,"PSC 3817, Box 9101
APO AA 59854",653.032.2647x0074
Randy,Roberts,"169 Mckinney View
Port Davidport, NV 77617-7394",+81(8)0676099680
Jennifer,May,"71782 Melanie Motorway
North Chad, MN 39788-1469",808.678.0079x38885
Sarah,Warren,"0123 Stafford Dale
Johnchester, AR 05215",670-427-9675x803
Veronica,Howard,"73027 White Isle Suite 790
Velezton, NY 84308-8343",907-880-8006x5862
Jennifer,Mathis,"5298 Woods Divide Apt. 648
Shermanchester, IA 63831-0131",(121)201-8198
Elizabeth,Ross,"813 Johnson Island Suite 342
Millerton, MI 70991",1-619-506-5384
Deanna,Cunningham,"9101 Warner Burgs
Andreaton, MT 32258-6095",020.762.8678x49395
Michael,Martin,"07891 Patricia Square
Port Morgan, MN 15481",(858)804-2407x455
Adam,Golden,"5228 Samuel Knoll Apt. 520
Fergusonfort, VA 80143",+61(9)3150680927
Steven,Reyes,"PSC 5344, Box 7301
APO AE 03905-8058",+33(1)2318766086
Linda,Keith,"3755 Rios Courts Suite 373
South Seanmouth, MH 56687",1-212-360-6180x5889
Daniel,Rivera,"3506 Linda Village
Taylorbury, MH 26222",1-410-618-1945x207
Anthony,Larson,"183 Moore Prairie
Michaelstad, GU 77682-7855",(367)208-0785
Benjamin,Gutierrez,"724 Gene Parkways
South Lisa, LA 89694",728-586-9656x828
Timothy,Curry,"9866 Stacy Underpass
Deanville, WI 63842-8493",1-879-083-3056x665
Laura,Olsen,"98369 Christina Plaza Apt. 279
North Kevinside, UT 90660-1454",1-011-430-5248x2135
Anthony,Bryant,"261 Wilkerson Valleys Suite 175
South Wendy, NC 26889",09307161854
Jeffery,White,"261 Jason Fort Suite 542
Lake Ashley, RI 58429",+73(9)1802390124
Eric,Diaz,"47467 Carly Villages Apt. 706
New Theresa, ND 40682",(853)897-5719x32822
Cheryl,Mcconnell,"Unit 4273 Box 4112
DPO AA 31291",023-333-0457x749
Alexander,Holt,"582 Clark Bridge
East Christopherport, ND 14590",333.049.1264x20359
Victoria,Clements,"977 Robert Cliff Apt. 536
East Stacy, NJ 42893",461.343.5293x7882
Amanda,Flores,"818 Nicole Views Apt. 043
Lake Dalton, VT 37260-8844",(519)432-5180
Adam,Osborne,"3060 Valerie Brooks
Russellside, MP 04877",014-012-1088x122
Ashley,Aguirre,"17902 Karen Island
West Kristen, NM 93057-4228",559-263-6443x97012
Patricia,Schmidt,"06849 Smith Square Apt. 096
West Charlesmouth, VT 51462-6729",(550)239-8924x110
Jane,Nolan,"784 Wagner Isle Apt. 213
Lindamouth, WV 12728",129.442.2620
Andrea,Manning,"Unit 7804 Box 3597
DPO AE 51701",(141)468-2826x8022
Steven,Steele,"918 Sherry Union Apt. 884
Hendersonland, MI 84672-2354",06587688205
Nathaniel,Bradley,"27887 Martinez Ramp Suite 605
South Joseph, DC 60359",196.838.6929
Jessica,Huang,"248 Meyer Circle Apt. 998
New Gabriela, SC 29924-2715",(842)776-9693x409
Robert,Myers,"590 Johnson Vista
Markton, OH 46888",(075)713-1564x4175
Alexander,Hicks,"2183 Wright Manors
South Stacytown, MI 53936",415-811-4450x232
Mallory,Chapman,"467 Patricia Extension Suite 628
Kendrabury, VA 13664",07865666616
Tasha,Cole,"054 Brian Stravenue Apt. 035
Lake Derek, VA 53751",+84(2)5276216346
Kimberly,Burns,"5684 Allison Stream Apt. 275
Port Robert, NJ 17576",1-785-425-4248x87880
Joseph,Morales,"541 Christian Meadows
Vanessastad, AK 28486",07194213546
Nicole,Mccarthy,"7946 Hernandez Brook Suite 975
Lake Allison, UT 01313-6045",948-020-8988x5927
Natalie,Young,"05089 Kimberly Light Apt. 455
Lake Jamesmouth, FM 06754-3219",547-034-9876
Anthony,Green,"2638 Hernandez Views Suite 110
West Dana, RI 82698",+13(9)8745480569
Darryl,Campbell,"388 Tara Path Apt. 487
New Maryville, AS 94854-7945",1-535-691-2420
Carolyn,Glover,"9910 Susan Shoals Suite 161
Barnesside, MH 46435",(150)739-0372x65856
Gregory,Norton,"6903 Natalie Gardens Suite 320
Marychester, MN 16091",228-469-0735
James,Miles,"47039 Pena Shore Apt. 005
North Michaelmouth, OR 11401-0138",1-363-856-4410
Ethan,Lopez,"86509 White Overpass Apt. 842
Hillport, PR 56973",(754)272-4729
Sarah,Rush,"13810 Danielle Plains Suite 160
Port Angelafort, OR 01509-2275",139.695.0409x117
Jodi,Kelly,"5293 Larry Manors
New Davidberg, IL 91639",(214)402-1743
Brian,Foster,"6846 Brian Station Suite 068
North Timothychester, HI 37594",04343333771
Jennifer,Dominguez,"8351 Laura Springs Suite 474
Damonfurt, KY 18717",+24(3)2773330139
Brian,Burns,"PSC 8326, Box 6839
APO AP 96109-7155",(493)031-4099
Jonathan,Bailey,"1351 Singleton Stravenue Apt. 527
East Veronica, DE 60177-8643",832-471-0802x19468
Frederick,Harris,"PSC 2363, Box 1655
APO AP 31859-0934",+01(9)7735481900
William,Navarro,"79909 Bryan Valleys Suite 569
New Kristinaberg, NJ 38208-7815",143.327.8663
Cheryl,Romero,"89371 James Lock Suite 766
Lake Joshua, NJ 49637",+96(4)4723156448
Luis,Rosales,"USS Davis
FPO AP 64731-6450",1-885-531-5958x035
Michael,Robinson,"077 Lee Station Apt. 623
Claytontown, AS 52665",+02(0)2164122842
Frederick,Taylor,"347 Benson Well Suite 043
North Aaronchester, DE 55266",1-064-118-1849x080
Melissa,Johnson,"91728 Julie Plains
Houstonland, NH 04234-3051",811-349-6542x574
Shannon,Richardson,"99809 Teresa Green
Andersonshire, SC 77847",(279)781-5338x7694
Joseph,Smith,"2750 Sarah Road
Torresland, MT 06846",802-997-8614x0252
Heather,Lang,"2901 Miles Drives Suite 374
Millertown, OR 51428-7597",1-832-018-5202
Patrick,Smith,"057 Jake Junction Suite 337
Marymouth, WY 27528-1715",(247)347-7118
Monica,Hinton,"2637 Miller Manor Suite 469
Port Monica, VT 96292",763.696.9076
Autumn,Diaz,"122 Wendy Parkways
Woodwardstad, DC 13603-7828",401-899-5248x1145
Andrew,Smith,"4305 Reynolds Mills Suite 351
West Cassandrastad, MS 87141-8647",(659)125-3718x50842
Brian,Wood,"PSC 4816, Box 8775
APO AE 17858",(913)680-5205
Melinda,Lee,"3992 Jennifer Rapids
Emilyview, HI 64458",03998347224
Clarence,Barrera,"40266 Oconnor Lake
West Joseph, CT 85791",(933)956-5110
Karen,Campbell,"340 Rodriguez Unions Suite 142
South Mary, KS 68421",(932)647-7516
Brandy,Willis,"4655 Sandra Lakes Suite 972
Samuelburgh, MI 89303-3236",952-644-5994x5908
Cindy,Underwood,"4755 Raymond Underpass Apt. 049
North Williamstad, SD 74197-7894",(041)190-2899x277
Benjamin,Baker,"9475 Graham Loaf
North Billy, MI 04446-2471",07588816587
Glenn,Hernandez,"612 Jessica Track
Tiffanyberg, NY 51445",031.620.8838x01668
Edward,Mason,"095 Oneill Village
Port Neilville, AS 34305-9642",063.501.7608
Mason,Sandoval,"13509 Hull Field Apt. 512
Gallegoschester, KS 49978",(419)663-1127x0851
Kenneth,Thomas,"9867 Philip Path
Melissachester, DC 08739-9869",641.433.8345x5452
Todd,Gonzales,"295 Shawn Street Suite 799
Lake Timothy, NE 44457",555.595.4427x941
Colleen,Williams,"803 Sarah Pike Suite 513
Christiefort, MT 53694-3561",1-180-422-1458x55327
Martin,Allen,"USNV Ross
FPO AP 63147-0986",574.824.3305
Mary,Rivera,"8583 Monica Corners
West Amy, MD 89499-3341",01649656378
Joshua,Bernard,"99466 Michael Mountain Suite 728
Port Debrafurt, PR 13842-5991",(663)375-7085x6164
Erica,Brennan,"56993 William Drive
East Elijah, IA 56441-7877",1-096-794-1447
Colin,Johnston,"387 Ashley Coves Apt. 548
Whiteshire, NJ 56109-8534",00994955148
Natalie,Stewart,"Unit 4864 Box 3901
DPO AE 25020",(238)384-3057x11973
Mary,Shah,"0956 Amy Corners
New Tyler, OK 57497-4460",719-928-1639x622
Alyssa,Pena,"9243 Leonard Parks
Ashleymouth, IL 39078-1367",543.007.1684x3926
Thomas,Anderson,"110 Ward Rapid
East Matthewbury, WI 50503-2814",(768)528-1409x1797
Carolyn,Snyder,"7068 Thompson Shores
New Monicaberg, AL 44918",1-317-927-4932x553
Joshua,Parker,"875 Jones Island
West Amberbury, PA 70766",(893)326-3896
Adriana,Jones,"50741 Shannon Avenue
Jessicabury, PR 45544-3097",(495)506-6330x37543
Michael,Douglas,"5006 Peterson Roads Apt. 359
East Jared, MH 91586",(647)781-4427x30547
Brandy,Parsons,"8524 Gonzalez Neck
Port Patrickhaven, MP 54812",1-320-434-5534
Melissa,Ramos,"130 Jones Causeway
Burnsstad, NM 27108-4790",1-497-631-5659
Angela,Obrien,"0466 Noble Groves
Maryport, VT 91054-2623",787.717.2626
Joshua,Carr,"3235 Justin Lock Suite 325
West Rubenport, GU 34345-5235",01090823544
Shawn,Gonzales,"2358 Lawrence Crescent
Perezfort, FL 92873",1-436-025-1716x318
Audrey,Walton,"0974 Hughes Turnpike
Angelaburgh, NM 68315",1-181-779-5911x33814
Theresa,Jackson,"9209 Grant Inlet
Bennettshire, OH 58884-4616",1-584-614-8377
Adam,Jacobs,"987 Gwendolyn Cove Apt. 157
West Jacobton, MO 71531-1821",403.776.1503
Larry,Lyons,"9631 Whitney Branch Suite 454
East Carlos, AK 12195",394.045.2748x77123
Elizabeth,Lewis,"920 Ryan Plaza Apt. 301
West Courtneyborough, WY 99652",(534)525-2167
Christopher,Williams,"1987 Harper Village
Port Brian, SD 92396",054-819-0615x2326
Ethan,Turner,"68999 Decker Lodge Suite 466
Kimborough, MA 26339",091.915.3362
Rebecca,Chapman,"73225 Greene Islands
Johnsonfurt, TN 05972",629-736-1146
Heidi,Mitchell,"987 Lawrence Road Suite 352
Pamelashire, AR 00074-9341",09266071197
Claudia,Figueroa,"4178 Michelle Burgs
Port Jessicaberg, VT 76118-2283",443-073-7626
Patrick,Lopez,"6992 Haley Via
New Matthewland, NC 76926",(502)516-4698x2592
Sara,Allen,"6309 Castro Summit
North Hannah, NE 34907",517.979.4257x9361
Daniel,Jones,"Unit 7254 Box 7170
DPO AE 67700-8066",203.490.2043
Nathan,Cunningham,"463 Steven Fall
Hannahbury, KY 02477-4749",050-690-2299x141
Chad,Hill,"312 Kathleen View
Brendachester, CA 89316-7352",07239265499
Courtney,Rivera,"637 Robin Walks Apt. 454
West Paulberg, NV 12347",(328)686-3280
Andrea,King,"105 Hughes Isle Apt. 301
New Robertborough, WI 03706",412-781-0761
Joseph,Levine,"10035 Dustin Valley Apt. 645
Suzannetown, RI 26126-4285",936-794-6770x3474
Nicholas,Acosta,"45168 Randy Drive
Branchville, WA 82408",032.278.6831x59415
Kristen,Goodwin,"9251 Pamela Trail Suite 490
North Brian, ME 86993",1-437-476-4606x06480
Marissa,Alexander,"632 Marcus Square
New Julieland, KY 60741-8148",1-779-813-1324
Jerry,Gibson,"PSC 5089, Box 8125
APO AE 56600",00055202741
Joseph,Kidd,"959 Lawrence Skyway Suite 971
North Donald, NV 95789-1773",1-508-376-3243x77204
Andrew,Mcdowell,"33688 Lisa Road Suite 631
New Kellybury, WI 97614-5622",(002)859-7443
Stacey,Harris,"3106 Carney Cliffs Suite 310
Lake Charlesberg, GA 48495-8060",1-220-230-7734x60173
Emily,Clark,"04924 Blair Greens Apt. 609
Laurieborough, NC 15048-1244",+96(9)4250497871
Brianna,Hoover,"50364 Evans Corner Apt. 690
Waltonstad, GA 96361",(056)653-4783x165
Hunter,Allen,"1951 Brandy Club
Bowenchester, AZ 19324-1697",(868)890-9836x7719
Patricia,Wright,"Unit 8370 Box 9702
DPO AA 60459-8982",1-863-954-7159x821
Emily,Harris,"Unit 4340 Box 6703
DPO AE 20335",176-452-4135
Nichole,Hunter,"4992 Roberts Light Suite 417
South Raymondborough, OH 14576",(795)011-3688x7097
Vicki,Clark,"401 Patterson Views
North Jenniferberg, MO 29743-3587",030.436.1971
Tina,Glover,"643 Ross Port
Judithland, MD 10973",660-751-2740
Becky,Mcpherson,"305 Kelly Branch
Jessebury, HI 60408-2652",082-786-9657x645
Jasmine,Dawson,"24062 Michael Roads Suite 141
Lake Williamshire, NE 64096-5518",410-803-9855
Robert,Arnold,"14790 Rebecca Flat
South Robert, KY 36546-6845",579-724-0534x18400
Makayla,Jones,"4144 Bell Stream
Port Johnbury, NH 38402",01033349454
Randy,Clark,"493 Dave Stream
Pittmanbury, OK 88147-2459",034.668.7913
Adam,Hughes,"8138 Chelsea Inlet
Port Tinastad, GU 74799",764.949.6243x39991
John,Blackwell,"3798 Shannon Manors Apt. 171
Jamesburgh, KY 43028",1-369-259-2115x371
Brian,Armstrong,"374 Morris Springs
Shawnmouth, IA 91364-6436",04755155015
Willie,Miller,"3655 Bonnie Row
New Kristyville, HI 74757",677.890.8346
Evan,Wilkins,"56082 Chelsea Field
Cardenastown, TN 23066",102-980-4636
James,Black,"672 Joel Unions Suite 888
Smithland, TX 33512",(309)793-4326
James,Edwards,"65249 Kelley Wells Suite 282
East Tanner, RI 86290",215-054-9002x177
Craig,Conway,"47581 Paul Islands
Angelaland, OR 49654-9298",1-570-106-3101
Monica,Park,"4932 April Spring
Andersonmouth, NH 24156",1-279-435-9003x5981
Natalie,Turner,"560 Meredith Hill Suite 751
Alexandratown, SC 52291",087-450-5307x9990
Christopher,Flynn,"9710 Christopher Isle
Taylormouth, OK 72196",(272)669-0872
Jared,Warren,"19279 Allen Brook Suite 334
South Melissa, DE 75044",176.950.8800x7465
Malik,Camacho,"753 Roberts Meadow Apt. 991
South Mary, VA 69129-2639",528.804.9276x32932
Colin,Jones,"0750 Clark Pine Suite 791
Scottfort, HI 88060",(009)514-2320x9441
Emily,Johnson,"5521 Susan Summit Apt. 191
Turnerville, LA 68757",+89(7)4510496425
David,Howe,"358 Adrian Club
Carrollmouth, MN 58167-9145",475-218-9473
Collin,Fitzpatrick,"26504 Robinson Neck Suite 559
Jeffreyfort, MH 69704",011.175.7223x79334
Christopher,Krause,"5526 Hicks Islands Apt. 760
South Dianemouth, MT 12577",(160)006-4882x41478
Gregory,Casey,"73686 Garrett Highway
North Monica, SC 86848",1-793-758-1253
Steve,Edwards,"5801 Samantha Courts Suite 862
East Jodiside, MN 46074-8881",145.844.1202
Ashley,Diaz,"68623 Keith Track
New Bradleymouth, MO 31663",(286)424-7381
Timothy,Smith,"6290 Baker Burgs Apt. 339
West Richard, VI 69467-9680",274-764-5041
Charles,Lucero,"504 Mathis Extensions
Lake Jeff, PW 37379-5010",368-936-5678
Emily,Dominguez,"PSC 6385, Box 6175
APO AA 00113-0110",(380)439-8597
Vincent,Moran,"PSC 5979, Box 3064
APO AE 34217",03897913256
Sarah,Atkins,"0443 Richard Vista Suite 564
Port Andrew, AR 93839-5989",878.806.0547x1968
Bradley,Moss,"274 Thomas Forks
Laurenchester, WA 12937",059-556-6028x432
Eric,Williams,"22820 Foster Estates Suite 315
Lake Jennifer, DE 96969",1-935-341-1446
Michael,Hayes,"7525 Laura Squares
Stephenfort, VT 81294-9322",06645042185
Kathy,Carter,"912 Sylvia Light
North Dawn, PR 05042",205-234-2401
Tanner,Williams,"USNV Richards
FPO AE 29253",427-466-7194x83163
Jose,Poole,"7792 Rivera Inlet Apt. 128
North Barry, AR 70086",(620)560-1554
Edward,Torres,"62952 Lindsay Mount
Michaelfort, MN 75210-6953",1-619-880-0365x451
Ronald,Jackson,"539 Keith Spring Suite 590
South Briannaborough, PA 89235-9307",182-018-3943x13959
Nicole,Klein,"933 James Pass Apt. 846
Lauraborough, FL 11748",+51(5)0113660978
Robert,Simpson,"1359 Ashley Mills Suite 619
Rosemouth, GU 56554",(901)852-7185x1906
John,Rodriguez,"USCGC Griffin
FPO AA 66361-1050",(707)774-4765x4477
Xavier,Parks,"474 Phillips Islands Apt. 309
West Anthonymouth, NJ 04475",590.750.8661
Tiffany,Schmidt,"02724 Jeremy Rapids
Lake Joshua, KS 83385",840-915-4985
Randall,Jackson,"56250 Austin Landing
North Lucas, IL 94052",811-651-1770x431
Angela,Lewis,"43281 Cynthia Fall Apt. 175
North Amanda, PA 79747",08839809503
Randy,Anderson,"64778 Hahn Rapids Apt. 607
Lake Brandonberg, WV 04757",265-139-6391x1688
Christopher,Weber,"29938 Brown Land
North Malloryshire, PA 80947",05836283601
Scott,Smith,"58889 Brown Parkway Suite 923
South Aaron, MS 38355-1572",1-046-946-0806x49673
Jennifer,Briggs,"PSC 3809, Box 5716
APO AP 76737",1-131-972-0797
Patrick,Soto,"054 Kiara Passage Suite 714
Danielstad, MA 95557",605.604.2677
Christopher,Aguilar,"209 Beth Garden Apt. 249
New Gail, OH 07268",788.540.0422
Michael,Orr,"159 Kurt Cape
New Williamtown, NV 52458",1-316-907-6039x5912
Steven,Jones,"10065 Bishop Crescent Apt. 466
Huntmouth, AL 11182-9144",(216)817-3481x3053
Timothy,Taylor,"601 Smith Gateway
Marytown, MO 15697-5318",+81(7)5005534817
Timothy,Munoz,"33474 Williams Lodge
East Ryan, NE 27631",1-289-707-5374x24076
Robert,Hawkins,"68364 Beasley Grove Suite 758
Port Nathaniel, ID 09189-4117",(234)598-2838x050
Patricia,Thomas,"72459 Scott Courts
New Ryan, DC 83540",808-804-2802
Randall,Cole,"99527 Sean Spur
North Melissa, HI 83103",+51(6)1607292237
Jo,Hudson,"4188 Castro Extensions
North Cristian, KS 63922",855-658-6831
Trevor,Campbell,"7128 Rebekah Lights
Johnsonville, ME 65004",00904687520
David,Morales,"79848 Johnson Unions
Aliciashire, FM 97447-4469",806.480.5053x3098
Geoffrey,Ferrell,"162 Graham Divide Apt. 958
Mcphersonshire, WI 43243-4448",(128)092-2096x86945
Katherine,Allen,"136 Michelle Unions Suite 368
Carlosfort, NH 74578-3759",(884)470-8167
Erik,Osborn,"114 Cory Parkways
Danielfurt, SD 27951-1847",786.969.1846
Corey,Mcintyre,"00573 Murphy Pike
Port Danielleburgh, SC 46465",03964791385
Kevin,Richardson,"841 Monroe Meadow
Colemanport, SD 95933-1307",567-527-4179x527
Justin,Reed,"057 Stuart Via Apt. 616
South Annetteside, ID 42953-3430",1-458-823-2604
Denise,Morales,"137 Reynolds Burg
Courtneymouth, FM 53485",619-704-1392x5932
Rick,Murphy,"7036 Brittney Isle
Frederickmouth, SC 24300",06784037733
Connie,Thompson,"83224 Evans Roads Apt. 216
New Ambershire, PR 49391-1265",05821022014
Patrick,Rivera,"64156 Miller Ferry
Lake Deborah, NM 63493",273-223-1398x032
Carlos,Mills,"99542 Sandra Camp Apt. 637
Debbiechester, MN 14623-9996",247-170-0971x90897
Craig,Williams,"3654 Mullins Ridge
Carsonside, UT 15496",071.557.7692
Frederick,Clark,"686 Kaitlin Village
Angelaport, WV 66689-4702",049-932-2919x4861
Diana,Johnson,"836 Juan Ranch
Rachelchester, TN 62862-0568",087.541.9848x556
John,Jackson,"057 Maynard Orchard Suite 332
North Carolinefort, RI 28223",227.067.0614
Rachel,Mcguire,"9446 Christopher Forges Apt. 103
North Amanda, MO 81016-8344",616-608-8115
Mark,Ramsey,"075 Leah Villages
Thorntonmouth, WA 43517-6237",(794)103-2235x8384
Robin,James,"25375 John Ramp Suite 896
East Karenchester, MA 37423-5244",1-721-561-0343x30090
Richard,Davis,"2366 Riddle Island Apt. 747
Franklinshire, MH 07966-5310",693.426.1982
Michael,Ortega,"959 Kimberly Gardens
North Rachel, CT 90838",770.292.3655x851
Aaron,Mercado,"9190 Andrea Divide
North Lauren, KY 73113-2539",017.835.3327
Tabitha,Welch,"3270 Sheila Club
East Rebecca, AL 15286",049.414.9442x1351
Vanessa,Coffey,"70353 Scott Lodge Apt. 333
Bettyside, NH 12964",114-050-0233
Roger,Griffin,"3675 Kelly Rapids
Michaelbury, NH 91114-1478",1-871-788-3107x97439
James,Roberts,"52729 Philip Island Apt. 328
Patriciamouth, IN 28278",1-258-800-3502x49929
James,Wilson,"99589 Hawkins Gateway Suite 592
Brownchester, NM 04971-3576",017-289-8317x450
Stephanie,Cortez,"Unit 5655 Box 5143
DPO AA 36071",(197)781-5802x368
Mathew,Chen,"49192 Lisa Hills
Kevinstad, OK 61088-9398",1-277-162-9203x2466
Amanda,Young,"8040 Jose Drives Apt. 133
West Charles, TN 49886-1680",539-222-8903
Danny,Smith,"USCGC Schultz
FPO AP 32947",09011547101
Tara,Hicks,"893 Morgan Club
North Catherine, NE 75032",(865)886-1130x5025
Nicole,Bolton,"07718 Richards Shores Apt. 323
Watsonbury, MD 23072",233.149.4682
Sandra,Williamson,"USCGC Allen
FPO AE 05677-4837",446.124.2722
Phillip,Miller,"807 Wolf Canyon Apt. 288
Gregoryfurt, NM 58463",00742731461
Daniel,Hutchinson,"054 Mcdonald Canyon Apt. 806
Sharonfurt, NH 48875-3051",515.964.4244x784
Jocelyn,Moore,"30196 William Village Suite 140
East Jessicatown, IL 25672",887-220-7906x06751
Andrea,Le,"7292 Hardy Causeway
South Brianport, MS 13139",912-247-2527x9566
Katrina,Mccarthy,"3258 Sandra Park
Jeanneburgh, AZ 74606-9628",(901)265-3347x030
Taylor,Hamilton,"12853 Eric Lane Apt. 435
Kathrynview, AS 08917-2425",826.338.9534
Jacob,Diaz,"978 Christopher Ford
West Austin, AZ 08969",835-265-2033
Herbert,Davis,"055 Jacqueline Islands Apt. 820
Clarkhaven, MT 48762-8319",456.582.7392x190
Alexandra,Smith,"42140 Tamara Expressway Apt. 404
Stevenville, UT 63148",141.673.1300x06105
Leslie,Sanchez,"86893 Matthew Ways Suite 239
New Heather, AR 71079",1-010-388-3483x66120
Paul,Torres,"721 Amy Lakes Suite 305
West Arianatown, MP 53679",425-893-8830
Joann,Arnold,"PSC 0510, Box 8257
APO AP 89248-0041",1-802-780-5575x5117
Tyler,Norman,"0980 Young Falls
Goodmanmouth, PW 12547-8264",436.610.5187x6493
Jeffrey,Stevens,"92452 Johnson Island
Hernandezstad, AZ 61433",283-071-6737x898
Julie,Ibarra,"309 Joseph Spur
East Edward, PR 95713-2764",1-556-158-3208x92730
Yvette,Jimenez,"846 Jesse Ramp
Charlesport, VT 19301",460.882.1254x08060
Amanda,Carr,"916 Shawn Path Apt. 945
Holdershire, NM 72119",455.991.0088
David,Jones,"USNV Garrett
FPO AA 36904-3120",961-306-5677x4621
Jason,Miller,"0216 Cindy Road Apt. 037
Lake Christopher, IA 13062",121.232.8836
Meghan,Rodriguez,"PSC 1933, Box 7742
APO AA 63137",+92(5)0160082496
Amanda,Scott,"77427 Jonathan Lakes
Davidton, NE 04775-2772",632.243.0411x313
Ronald,Harper,"008 Ramos Ports Apt. 456
Smithborough, CA 59567",(800)441-0778x680
Cody,Watson,"PSC 7142, Box 7951
APO AA 06314-4670",999-078-7255x464
Matthew,Hernandez,"8537 Roy Trail Suite 829
New Kylestad, CT 32965-6102",(889)177-9646x5282
Cheryl,Herrera,"942 Smith Lights
Hollychester, OK 45351-3212",787.320.4807x382
Ashley,Carroll,"3213 Johnson Curve
Lake Antonio, UT 69039-4732",1-786-787-9759
Michael,Pope,"727 Eric Radial Apt. 897
Thomasfort, PR 92770-4440",1-902-011-6586
Melissa,Gray,"4262 Andrew Heights
New Eric, VA 31011",384.915.5459
Mary,Payne,"5021 Wendy Inlet
Clarkchester, ND 83618",1-642-213-3392x980
Ashley,Santiago,"7688 Kelly Knolls Apt. 111
South Jimmy, MT 72300",892-739-4178x2499
Christopher,Walker,"0951 Tammy Fields
Maryburgh, NM 05425",1-416-025-8288x16520
Stephanie,Carlson,"0293 Morrow Avenue
Lake Connie, SD 89451",978.860.9950
Glenda,Salinas,"947 Jordan Forges Suite 646
Vazquezville, UT 09829-9356",(447)199-5309
Wyatt,Perez,"6453 Nina Turnpike Apt. 474
Selenaburgh, WV 17877-8961",938.723.9231
Trevor,Sullivan,"14678 Mary Gardens
West Zachary, IL 13733-5290",01192562273
George,Mason,"77610 Peters Mountain Suite 840
North Nathaniel, NC 15788-7749",(888)431-3230
Shannon,Brown,"46515 Ballard Summit Suite 510
Taraside, MO 63556",1-859-221-5180
David,Dyer,"789 Fritz Ports Suite 531
Cherrybury, AR 66605",1-016-615-7024
Tara,Flores,"54156 Cobb Prairie
Jacksonberg, UT 82737-3460",+77(9)8478768451
Kristen,Ferguson,"5445 Stephanie Harbor
Daughertyside, PW 51151",1-269-533-2519
Laurie,Davis,"735 Brian Ranch
Ronaldmouth, NE 12780",681-451-3469x8962
Rebecca,Lopez,"4660 Johnson Harbors Apt. 420
South Jacquelineberg, KS 32245",250-724-4764
Michelle,Martinez,"995 Kimberly Street Suite 678
Stephanieview, DC 68386-6359",+67(6)8239382506
Caroline,Burke,"5438 Vicki Brook
Boyleshire, AS 30636",398.405.5895
Julie,Kline,"790 Curtis Flats Apt. 111
Anthonyfurt, HI 81018-4646",1-285-598-9526x4227
Thomas,Phillips,"732 Michael Isle
Ramosstad, GA 50234",1-327-712-3088
Charles,Cohen,"32885 Harper Ports Suite 056
East Melissa, OH 14605",(979)526-6156x5806
Kelly,Graham,"7699 Poole Plain Apt. 506
South Sherry, VT 66876-7533",(520)133-0985x5398
Erica,Cuevas,"991 Michael Glens Apt. 970
East Danielle, AR 01830",+36(0)3757644448
Seth,Rodriguez,"4077 Mccormick Hills
New Daniellemouth, MH 98808",(875)086-1569
Jasmine,Todd,"218 Warren Street
Lake Katieport, LA 91379-4189",1-936-678-9375
Jeanne,Allen,"26900 Angelica Avenue Suite 463
West Jonathan, NE 89498",331.568.9669
Ruth,Cruz,"434 Martin Estates Apt. 101
West Roy, NE 26959-9122",1-247-294-5903x9856
Kyle,Rice,"58825 Phillip Canyon Suite 032
Josephmouth, MS 16257",1-815-275-6130
Collin,Robertson,"82614 Amanda Lock Suite 988
Floresbury, KY 33967-5479",195.407.0089x0050
Kevin,Hines,"839 Abbott Path Apt. 179
East Abigail, FM 90718-5968",980-554-9619
Joshua,Tate,"1079 Anderson Road
Beardfurt, ND 86644-7568",1-741-835-8413x23981
Tracey,Trujillo,"10816 Mary Mountains Suite 378
South Darleneview, TN 15976",(290)061-7643x36809
Manuel,Collins,"82391 Jill Coves Apt. 026
East Jessica, FM 50240",08165235727
Leslie,Davis,"PSC 6108, Box 0686
APO AA 86688-3865",112-539-7349x06732
David,Maldonado,"1076 Anderson Islands
South Megan, PA 65490-6707",165-274-9358x21541
Courtney,Quinn,"14890 Ryan Ford Suite 281
East Duane, AS 97331",1-222-262-8447x5557
Curtis,Carroll,"4181 William Squares
Herrerafurt, NV 92905-9946",(445)266-8679
Danielle,Morris,"9873 Cobb Shoals Apt. 399
New Stacey, VI 69127",(939)327-7961x4419
David,Lucas,"62385 Melissa Lock
Lake Donnatown, CO 22034",296.698.5277
Jared,Lopez,"526 Dawn Trafficway Suite 712
Jeffreyhaven, NJ 44756-1924",+45(9)6735930254
Heather,Esparza,"0427 Nicole Ford
Salazarhaven, IA 29719-4741",106.493.8911x673
Michele,Padilla,"16547 Tammy Manor Suite 900
Davidhaven, LA 38855-2106",(141)147-9038x8087
Anthony,Bush,"PSC 0928, Box 4525
APO AA 99044",416-282-9302x71042
Carlos,Snyder,"65225 Alvarez Branch
Williamchester, IL 61278",(874)005-3305x7044
Sean,Kennedy,"26472 Shannon Extension Apt. 604
Warnerland, OH 47547-6027",09856294566
Dylan,Wise,"Unit 7109 Box 0997
DPO AA 55250-9522",547.282.8837
James,Nguyen,"6413 Amber Squares
Michaelside, AZ 07163",(724)013-7460
Chase,Frederick,"16277 Barry Underpass Apt. 032
New Chase, IL 69527-4148",1-581-758-8601
Kevin,Michael,"91091 Daniel Squares Suite 698
Port Tracyberg, AK 69420",286.829.6504x56471
Kelly,Nichols,"5117 Smith Inlet
Fullerfort, MN 32529-9663",(852)922-1023
Amber,Mendez,"3285 Bender Port
North Brian, WV 01890",574-876-2073x162
Jennifer,Williams,"0856 Gordon Plaza
New Lindsey, UT 00723",+92(9)0132855423
Caleb,Soto,"469 Holder Falls
Port Teresa, AL 37420-9160",073.146.0862x338
Robert,Love,"39100 Andrew Manor Suite 267
South Darrenshire, GA 88268-1781",847.661.8899x4461
Claudia,White,"52785 Angela Highway Suite 577
North Donhaven, TN 73853",(153)595-0258x060
Robert,Hernandez,"859 William Pass Suite 789
South Robert, WA 80281-3441",1-690-759-1299
David,Zimmerman,"6286 Williams Island
Schneiderhaven, ME 24243-6141",07901677404
Erica,Hall,"52957 Amy Junctions Suite 606
North Jason, LA 70442-4293",654-788-7527x185
Michelle,Hill,"93215 Suzanne Square Apt. 114
Markland, DE 60128",1-823-566-9948
Douglas,Little,"52173 West Mountain Suite 969
Amandafurt, CA 87906",651-237-9124x36818
Christian,Keller,"30563 Freeman Road Apt. 834
East Sandra, MO 48603-1091",+55(8)0456599398
Matthew,West,"PSC 5460, Box 0109
APO AA 69821-4910",825-967-2017x90251
Gerald,Nguyen,"USCGC Jimenez
FPO AA 68173-5119",489.701.8858x4225
Kim,Dixon,"5494 Kristi Trail Suite 690
North Tanya, ID 17196",1-477-545-2684x2148
Jonathan,Gonzales,"0468 William Pass Suite 545
North Steventon, PW 86435",1-216-637-6692x3915
Megan,Mccormick,"360 Carol Islands
Kristinetown, MH 37182",547.894.9416x39985
Noah,Thomas,"652 Patel Mews Suite 519
South Richardside, PW 17007",1-389-552-1679x389
Sarah,Wiggins,"03480 Brown Trail Apt. 079
Cohenfort, IA 41240-5712",1-331-617-3517
Michelle,Wright,"PSC 2027, Box 8137
APO AE 45601-8954",1-383-564-2460
Brandon,Smith,"156 Allison Orchard Suite 138
Trevinoview, RI 97243",283.046.2394x27660
Maria,Vega,"Unit 9369 Box 7244
DPO AP 24008",1-612-248-9503x98133
Judith,Dillon,"3066 Nathan Dam
West Patricia, AK 39846",(813)521-0993x9092
Jennifer,Alexander,"1979 Guzman Way Apt. 328
West Cindychester, MS 01311-0345",822.860.9474
Jessica,Hensley,"449 Castillo River
Nelsontown, WA 74255",(813)580-1382x8813
Brian,Lopez,"219 Young Haven
Gonzalezfort, DC 64712",09390720335
Jacqueline,Miller,"7265 Alyssa Plains Suite 183
Taraburgh, KS 17802-6216",086-718-7769x41137
Elizabeth,Ponce,"USS Phelps
FPO AA 93822",+24(4)3980187221
Michele,Mendoza,"2157 Humphrey Tunnel Apt. 576
Lake Kathrynshire, HI 42087",(959)174-1225x21335
James,Davis,"1681 Rodriguez Tunnel Suite 881
Lake Samantha, FM 48622-6920",913.414.8201x910
Luis,Pena,"369 Mann Port
Elizabethport, VT 30894",589-643-7391x95283
Jesus,Carter,"45081 Steven Circle Apt. 060
Maldonadochester, GU 59004-6089",(953)153-6536x269
Carrie,Richmond,"Unit 7206 Box 9501
DPO AP 28522",+98(4)1854480046
Nathan,Black,"44506 William Valley Apt. 742
West Brianshire, UT 11255-1397",673.178.5241x64803
Jacqueline,Yates,"PSC 0605, Box 3158
APO AE 03577-3831",1-574-974-6419x77068
Steven,Young,"29657 Barrett River
Duncanport, MH 59848",126-506-4547
Erika,Mcbride,"379 Kim River
East Cynthia, SC 09781",1-339-759-7758x471
Robin,King,"652 Wang Lakes
East Sara, SC 20497",1-374-853-3480
Christopher,Wallace,"Unit 1313 Box 7087
DPO AP 74919",562.522.8607x320
Matthew,Joyce,"20302 Vance Points
Wilsonchester, CA 88112",035-434-1244
Louis,Ibarra,"819 Kara Square
West Tina, VI 44869",292-336-3613x26210
John,Lucas,"104 Tracy Drive
Gravesbury, OR 60887-8035",(664)748-2207
Isaiah,Newton,"Unit 5485 Box 1578
DPO AE 51381",995.146.7282x9125
Alyssa,Sanders,"9211 Nicole Summit Apt. 082
New Christopher, HI 47882",120.906.4842x799
Ryan,Bell,"635 Kathy Ways
North Sandra, AZ 03476",(167)792-5861x2259
Richard,Martinez,"2966 Clark Crescent Suite 370
Ericborough, ME 45304",1-718-576-2363x6861
Scott,Coleman,"1162 Martinez Pines
Brittanyville, KY 29515-0007",(029)372-6577x5083
Karen,Walker,"736 Goodwin Road
Longfurt, HI 24916",03102066035
Cory,Ray,"717 Moore Drives
Crawfordburgh, NC 16233",03741438752
Megan,Stanley,"5118 Patrick Dale
West Ralphton, NM 60374-1046",+85(5)0954651463
Michael,Bartlett,"64229 Cooke Key
Markmouth, TX 79133-0521",1-233-754-8045
Diana,Nelson,"1806 Katherine Land
Paulville, MI 95599",269.643.5390
Tyler,Little,"655 Winters Plains
Obrienbury, NC 88952",213.953.9959
Timothy,Ritter,"7460 Gabriela Run
East Johntown, DC 75927",375.846.6809
David,Wong,"05122 Elizabeth Estate Apt. 466
Manuelland, SD 85939",469-649-3707
Natasha,Cooper,"39769 Elizabeth Corner Suite 463
New Danielside, OK 93859",(474)959-2291
Shelby,Reed,"866 Aaron Run Apt. 518
North Judyville, NM 28574",605.763.1619
Stephanie,Kelly,"336 Kennedy Circle
Port Dave, OR 89404-0909",040.032.3208x03567
Rebecca,Martin,"27598 Terri Glens
West Andrew, ME 33404-9896",+83(3)4281324525
Kevin,Cook,"146 John Garden Apt. 355
New Alexamouth, ME 93372-2069",400.552.6532x75751
Thomas,Livingston,"67224 Catherine Highway Apt. 247
Lake Daniel, WY 75979",150.063.4384
Evelyn,Gomez,"38551 Christina Station
New Susan, MN 49876-9336",(270)096-1876
Kevin,Hunter,"7588 Taylor Isle
West Elizabethview, ME 16256-2863",028.351.6166x639
Sara,James,"5856 Melissa Summit Suite 325
Richardville, OH 30245-2539",1-341-913-7050
Lisa,Herman,"PSC 7812, Box 7109
APO AP 75009",856.554.0413x4812
Angel,Vazquez,"02028 White Falls Suite 194
Ruizside, FM 71983",904.774.5811x13525
Sandra,Dixon,"80673 Matthew Tunnel
West Jessicaton, KY 54647",689.127.2316x955
Edward,Fisher,"6008 Sullivan Ferry Suite 982
Osborneland, NC 56948-0314",231.977.7957
Sheila,Hartman,"Unit 8176 Box 4169
DPO AP 03448-5233",01337799516
Terri,Tran,"060 Matthew Island Suite 653
New Michael, OR 46011-4390",327.301.3701
Troy,Robinson,"76262 Soto Port Suite 899
Novakstad, WI 98287-1301",830.692.5104
Eric,Cantrell,"480 Sharon Lights
East Kevin, SC 57228",489-444-8032x6244
Kimberly,Robertson,"356 Ellis Mountains
Thomasland, MP 30279",00996819011
Kurt,Allen,"93317 Edward Camp
West Mary, AK 30582-8748",+66(3)6572318000
Dustin,Watson,"USNV Herrera
FPO AA 59390-0863",156.996.1081x264
Jennifer,Lowery,"6147 Salas View
Williamport, NH 28481-9752",661-868-5973
Kathleen,Glover,"875 Maria Ford
North Michael, ME 97588",1-392-698-6700x02657
Darrell,Moss,"147 Sara Stravenue Suite 507
Lake Kenneth, OK 70002",1-404-456-2077
Victor,Riley,"867 Graves Estates Apt. 480
Lucasville, VA 17433",182-756-0514x01775
Connie,Gonzalez,"8640 Warren Parkways
New Scottchester, NM 79931",786-901-9567x06597
Jessica,Hall,"1220 Smith Freeway
Lake Calvinburgh, DE 70753",(259)450-6673x36977
Jamie,Preston,"862 Ryan Radial Suite 590
South Amy, AZ 58098",(700)703-8494
Brooke,Farmer,"125 Franco Rapids Apt. 293
Lunaborough, OK 66495-2992",485.465.5340x410
Tim,Walsh,"6247 Hardin Circles
South Maryburgh, MI 20317-7719",708.071.0525
Roger,Nunez,"1020 Austin Falls
South Benjaminside, FL 29851-3697",418.899.2998
Mary,Mccann,"66447 Robert Crest
South Jacob, FM 49775-4408",1-429-343-6440x762
Jason,Massey,"3929 Andrea Orchard Apt. 519
Colestad, WA 75833",149-313-8729x96559
James,Day,"6559 Crawford Harbors
West Jessicaport, MD 85024",(203)005-9564
Luis,Armstrong,"6466 Castillo Field Apt. 498
West Crystal, HI 08225",1-022-376-2242x0418
Kelly,Aguilar,"95139 Lowe Manors
Loriview, PA 46366",09628649055
Eric,Martinez,"66691 Mindy Tunnel Apt. 440
Port Ashley, RI 24420",+40(4)9715632466
David,Acosta,"250 Brandy Trafficway Apt. 163
East Johnton, AS 66154-4675",513.897.1427
Frances,Brown,"1856 Chen Inlet Suite 829
Port Savannah, CA 25775",(384)229-0093
Michelle,Wallace,"6793 Emily Glen
Port Annefurt, NJ 28861-6953",+58(2)2138740443
Lauren,Duffy,"99315 Danielle Pass
Flemingmouth, CA 93399-2707",340.464.7852
Jamie,Patel,"93392 Hernandez Gateway
North Kayla, ME 78021-6174",084.564.9226
Douglas,Blake,"PSC 8221, Box 8185
APO AA 76652-3921",1-413-105-6177
Jennifer,Hanson,"7232 Mendoza Ridge
Cohenside, WY 38518",844.380.4579
Joseph,Jackson,"038 Washington Wells Suite 863
Averyview, MT 08762",(970)140-9293x0175
Timothy,Thomas,"3644 Bruce Islands
North Elizabethland, SC 77986-7245",07498536185
Wanda,Hammond,"900 Hall Causeway
Lake Kurt, OK 10708",+51(9)5306005683
Scott,Wilson,"48078 Sandy Greens Apt. 336
Glennberg, SC 00479",1-698-298-5900x9052
Austin,Gonzalez,"PSC 2956, Box 8255
APO AA 53448-2210",(913)749-2352x4527
Angel,Roach,"929 Gabriela Meadows
Port Ashley, NH 50866",1-361-967-0816
Renee,Vasquez,"32057 Jackie Divide Suite 116
South Samuelland, MS 77783-3200",440-569-2130x422
Angela,Salazar,"PSC 7215, Box 4444
APO AE 69844-2995",01271251452
Julia,Morrison,"Unit 3215 Box 9990
DPO AE 33824",1-038-445-7479x685
Stephanie,Valencia,"828 Beth Centers Apt. 787
Nicolemouth, AS 33468",1-359-618-1823x4615
Brandon,Smith,"Unit 9476 Box 5928
DPO AA 80660",403.430.2858
Alan,Martinez,"57647 Wilkinson Freeway Apt. 952
Lake Williamshire, AK 41324",1-981-823-6061x505
Cindy,Brooks,"Unit 5718 Box 4299
DPO AP 15826",(349)531-8356
Carl,Mason,"52883 Nash Circle Suite 481
Wellston, DC 88658",1-285-269-0031x3171
Paul,Kim,"98292 Ann Fall
West Taylor, MN 00982-3537",1-053-775-8847x849
Jamie,Moore,"6440 Duke Radial Suite 826
South Michael, MD 68184-3533",03455667293
Angela,Francis,"7409 Matthew Summit
East Allison, SC 36318",323-379-8879x36639
Angela,Smith,"0006 Peggy Springs Apt. 849
East Tammyborough, OH 68732-2824",(000)381-9812
Christine,Haynes,"7867 Christina Cliff Apt. 703
Port Toddhaven, TX 90250",429-741-1183x64524
Teresa,Ferguson,"0855 Whitney Run Suite 814
Patriciachester, FM 62508-5599",020-606-2563x91816
Tracy,Decker,"2115 Derek Garden Apt. 768
Victorbury, VI 88296-3080",1-784-844-2365x294
Kevin,Williams,"40442 Waters Parks Apt. 657
Grahamtown, GU 58091",1-751-559-4448x89061
Bobby,Cruz,"0952 Jordan Bypass Apt. 865
Humphreyshire, NY 20324-9388",(321)966-3867
Nicole,Jones,"95976 Burton Alley
Kevinfurt, CA 03203-3965",913.093.7927x98220
Michael,Webster,"0230 Grant Coves Suite 936
West Jamesburgh, TN 96115-1882",1-757-123-2592x7194
Lauren,Meyer,"405 Gonzalez Branch Suite 823
Joshuafurt, CO 81215-6050",836.356.4503x7497
Michelle,Diaz,"86148 Mccann Points
Jenniferchester, AK 49772",1-955-437-6177x1868
Pamela,Stephenson,"Unit 3133 Box 5370
DPO AA 44077-5418",+17(8)4018268942
Kimberly,Newton,"9574 Leah Mountain
Jeffersonshire, AZ 67819-4250",821.539.3395x6295
Brittany,Cook,"34051 Benson Square
New Kimberly, KY 61615",1-435-233-9290x041
Ernest,Banks,"336 Moore Forks Apt. 277
Alisonmouth, AK 92477-7182",+09(6)3670584062
Isabel,Lam,"643 Erika Stream Suite 843
Sharpmouth, AR 63154",052-449-3799
Ashley,Olson,"44600 Cook Rue
Shanemouth, IL 43452-1671",596.573.8504x9768
Paige,Wood,"8338 Yolanda Burgs Apt. 968
West Kristachester, WV 89097-8582",267.023.8559x56439
Kenneth,Alexander,"843 Sabrina Groves Suite 292
Lewisfort, AZ 55953-4066",694-354-5888
Rodney,Rice,"4358 Jones Trail Apt. 026
South Charlesberg, NE 49440",528-909-4108
Evan,Adams,"2478 Taylor Well
West Justinville, AL 05647",+56(7)0791137737
Christopher,Velasquez,"45016 Anthony Plain Apt. 245
Dianaside, IN 22688",09918738189
Joseph,Rodriguez,"412 Marissa Parkway
Heidiburgh, NE 79196-4088",584-514-0456
Alec,Anderson,"11615 Andrew Path
Rickbury, AS 44291",+16(2)4350160519
Amber,Buchanan,"712 Lang Plains
Simsland, SC 75607-0075",09719396721
Jason,Ross,"PSC 5536, Box 6530
APO AA 43232-8174",(226)870-2518x043
Judith,Griffith,"49476 Martin Island Suite 980
Williamberg, NC 32315",476.557.0611
Michelle,Cunningham,"7241 Stephanie Burg Suite 953
Bradleyfort, AR 43739-6189",1-114-256-4704x54891
Julie,Byrd,"8335 Nicholas Ridge Suite 201
North Dannymouth, UT 77893-6090",07495085075
Brett,Chan,"3357 Connor Harbor Suite 868
Port Travisberg, WA 89455-9063",+36(6)6422313105
Mary,Obrien,"4488 Rice Ridges Suite 609
Port Andreaside, PR 21308-2752",055-919-2325x566
Nicole,Mcintosh,"33218 Moore Bridge Apt. 948
East Danielle, SC 93263-7436",(626)289-7453x03021
Walter,Rowe,"06069 Kelli Expressway
South Jared, GA 26777-4208",702-914-5270x039
Joseph,Hernandez,"1934 Lewis Station Suite 479
Ryanfort, AZ 86033",204.957.4102x78119
Maria,Graham,"319 Tammy Pike Apt. 225
Meganshire, TN 57904",220.795.7213
Mary,Lamb,"PSC 5720, Box 2314
APO AA 40802-8303",(068)753-0393
Megan,Buck,"77486 King Stream Suite 232
Cathyshire, CO 63342-5448",+82(0)9604631382
Ricky,Avila,"2650 Lori Mountain
Changport, VI 33067-7770",163-643-6306
Melissa,Chandler,"064 Veronica Lock
Amandaside, NJ 59646",(519)782-2134
Patricia,Lopez,"613 Gutierrez Valley
Justintown, AZ 20535",1-679-945-9123x4759
Kenneth,Bailey,"PSC 7380, Box 8560
APO AE 40127-3131",446-147-0038x89380
Chris,Lewis,"5957 Williams Green Apt. 061
Lake Gregory, MA 04003",1-296-026-5288x204
Anthony,Salazar,"962 Brian Flats Suite 122
Port Kevinview, SC 57632",1-473-129-9190
Joe,Johnson,"5788 Keith Pine
Lake Kathleen, VT 74014-0774",03740361965
Morgan,Orr,"042 Peterson Villages
Martinport, IA 87970-1839",639.750.7910x5626
Janet,Hunter,"29011 Fitzgerald Rest Suite 352
North Tamara, OK 00508-5633",207.615.6688x20617
Derrick,Bennett,"210 Robles Radial Apt. 013
Marvinborough, MP 68889",872.619.9693x891
Nathan,Blanchard,"262 Ryan Spring Apt. 633
Anthonymouth, MI 32631-7592",160-725-8876x353
Shelly,Smith,"79805 Williams Square
North Matthew, TX 59524",(670)673-7318
Joshua,Davis,"3758 Claudia Lights Suite 159
Rodriguezstad, NV 70581",07168551743
Katherine,Arellano,"50580 Peggy Lane Suite 982
West Brandi, MP 15780-1680",+37(7)5936963730
Kayla,Dunn,"410 Griffith Prairie
South Thomaschester, MN 77808",450.075.8249x100
Theresa,Tyler,"95254 Clayton Ramp
Christopherport, AL 74529-1549",819.237.2135
Steven,Jones,"9502 Ann Loop
Cynthiamouth, OR 54048",342-478-0282
Heather,Gonzalez,"85992 Mark Points
New Danielmouth, WY 33387-5305",1-748-653-6573x911
Melissa,Obrien,"14621 Bryant Canyon Apt. 682
West Jennifer, IA 69006",211.547.5890
Taylor,Rowe,"15552 Sherry Roads Apt. 807
West Jennifer, OR 92579-8566",06325089475
Melissa,Stanley,"46519 Bryan Field
West Penny, PA 45912-1278",204-695-3896
Katherine,Burton,"802 Rodriguez Garden
Johnsonborough, MH 11755",1-500-993-5001
Thomas,Daniels,"66781 Brett Springs
West Glendaville, MH 01202-3058",09074198487
Paul,Duarte,"3251 Benjamin Manor
Lake Michaelton, AK 54788",04351985164
Michelle,Walker,"USS Gregory
FPO AA 72682-9609",(340)055-9473x0963
Yvonne,Owens,"385 Hall Drive Suite 522
North Ashley, KY 93117",(195)734-6024x8637
Donna,Gibson,"6887 Jonathan Crescent Suite 495
North Mary, VA 19605-1292",1-692-883-4538x44177
Sean,Thompson,"60495 Todd Village
North Jenniferfurt, IA 13727",975-501-0547x226
David,Montoya,"09050 Hernandez Ports Apt. 177
New Christopherside, CT 04072",(498)482-2783
Taylor,Ward,"569 Simon Walk Apt. 141
Johnsonland, MH 91426-2298",183.540.4259
Leroy,Gutierrez,"553 Kimberly Plaza Apt. 342
Graymouth, NJ 77239",(314)577-1132x1518
Wendy,Hodges,"4094 Joshua Knoll
South Kimberlyport, AL 41304-3400",323.542.9206
Ashley,Meyer,"597 Willie Park Suite 725
Crystalton, SC 99080",794.579.4864x05482
Ashley,Ruiz,"207 Hernandez Lane Suite 402
Thomasview, NH 33289",07552719683
Kevin,Daniels,"1589 Tracy Walk Suite 258
South Nicole, MT 09638-4101",(040)503-2596x50796
Kathryn,Collins,"861 Williams Via Suite 343
Nathanshire, ID 58183-2898",1-197-029-1634
Candice,Phelps,"125 Theresa Streets
Smithtown, IA 18019-5232",(136)307-7223
Jonathan,Navarro,"620 Woods Plain Apt. 870
Joelborough, NE 60372",904.450.8048
Donald,Hobbs,"3505 Thomas Loaf Apt. 554
South Emily, MN 34164-2599",1-037-457-2633x4356
Nicholas,Hunt,"16908 Maxwell Green Suite 865
South Katherinehaven, HI 24868-3473",1-387-900-5824x693
Kimberly,Weaver,"3105 Williams Alley Suite 796
East Ryanmouth, KS 99383",1-678-029-0530
April,Lee,"3744 Jackson Loop
New Ronald, NV 57195",(955)557-3040
Alexis,Shaw,"0312 Richard Fort Apt. 928
Kevinfort, MT 29875-7924",(799)728-7085x263
Daniel,Thompson,"43686 Carrie Shores
Hernandezville, CO 15757",780-735-0902x89180
Samantha,Gonzalez,"780 Chris Mount
Dunntown, LA 36333",007.024.2039x82902
Luis,Dawson,"39191 Tamara Track Suite 158
Nicoletown, WI 67249",894-832-5437x4188
Wendy,Johnson,"20822 Shelly Plaza Suite 110
Randybury, IL 55385",(496)208-4605x01958
Victor,Young,"78874 Tran Grove Apt. 582
Blackbury, OH 80053",(036)093-6668
Raymond,Kaufman,"53967 Candice Well
Lake Jonathanland, KS 39361-9479",06785286215
Lisa,Cobb,"7455 Gonzales Islands Apt. 525
East Jeremyfurt, WV 58118-9092",(687)165-9426
Carol,Weeks,"567 Michelle Mountain Suite 143
New Gregorybury, VT 83748-7840",+02(5)4623178239
Lucas,Mcguire,"41480 Ryan Lodge Suite 000
West Susanhaven, WV 60963",1-505-758-2202x29341
Harold,Estes,"25954 William Trail
Duarteburgh, GA 90075-3785",151.581.7999
Courtney,Kim,"0616 Samantha Neck Suite 027
Port Rachael, KY 02550",1-656-315-3243x9470
Melissa,Gutierrez,"55004 Edwards Causeway
South Dawnmouth, TX 82118-3024",762-034-5666
Linda,Lopez,"65317 Thomas Port
West Nathanstad, DE 80317",1-235-722-5775x92542
Miguel,Martin,"997 Riley Port
Hancockchester, HI 14336",00439436218
Paul,Roberts,"81127 Jordan Highway
Cherylchester, IN 91280-8271",795-786-5379x76078
Kimberly,Lawson,"3547 Johnston Point
Port Jamesbury, AS 12172",1-511-760-3064
Shawn,Wright,"48181 Sheppard Crest Apt. 154
Adamview, GA 12902",1-829-206-5400x561
Stephanie,Nelson,"61068 Warner Port
Port Vincent, RI 46518",(193)329-2970x24711
Linda,Wallace,"25734 Carolyn Crest Apt. 075
West Kirstenberg, MI 08025-6873",550.066.9852x11270
Yesenia,Williams,"15330 Scott Parkway
Valdezhaven, MD 37693",1-318-614-2419
Stephanie,Berg,"Unit 1431 Box 7757
DPO AE 14042-0426",(527)887-9274x90736
Justin,Kelley,"025 Stacey Place Suite 888
South Davidburgh, VT 20449",610-484-5803
Sara,Terry,"PSC 1092, Box 5777
APO AP 40943-6956",828-156-2331
Ruth,Lam,"94848 Smith Drive
Port John, NH 73753",1-671-125-9462x667
Jenny,Miller,"48304 Lauren Plain
Harperland, ME 28084-6684",675.489.8507x5993
Michael,Lawson,"47872 Santiago Crescent
Valentinemouth, OR 74950",620-853-4708
Nicholas,Wagner,"29450 William Spring
Elizabethview, WA 93609-3558",926-119-6679x042
Sharon,Pierce,"8699 Andrew Coves Apt. 820
North Natasha, ID 39916-7063",1-368-190-2133x13795
Stephen,Stephenson,"641 Alicia Vista
Samanthachester, NJ 24345-0661",(161)872-5420
Brian,Martin,"028 Green Course
Port Erikside, UT 89850-2539",(350)316-9314
Jim,Baker,"16515 Carpenter Spring Apt. 741
Haneymouth, IN 30615",1-005-152-7769x22205
Brian,Winters,"1905 Bruce Ways Suite 275
Port Erneststad, CA 32038-3089",1-929-548-8814
Jonathan,Baker,"064 Benjamin Hill Apt. 481
Reevesshire, OH 99611",(972)768-9538x6392
Crystal,Chambers,"71886 Jennifer Cliffs Suite 172
Jonburgh, CO 22914-9712",06177300075
Diana,Kennedy,"531 Carrie Road
Coryberg, ID 70950-3476",067-785-7610
Megan,Young,"4253 Palmer Freeway
Kristyshire, OH 55133",(129)956-6379
Tanya,Donovan,"5160 Michael Route
Kochmouth, HI 35747-0927",(994)236-6008x23940
Charles,Nelson,"645 Hannah Islands Apt. 956
Jessicashire, ID 05754",1-891-320-0616x82801
Krystal,Mcgrath,"836 Burke Gateway Apt. 163
Millerfort, GA 56689-9445",02211533317
Andrea,Smith,"74925 Gonzalez Vista Apt. 444
Nicholasshire, IA 22934-4379",056.568.0946
